CREATE TABLE `diakok` (
  `DID` int(11) NOT NULL,
  `Nev` varchar(50) COLLATE utf8_hungarian_ci NOT NULL,
  `Osztaly` varchar(10) COLLATE utf8_hungarian_ci NOT NULL,
  `Nem` binary(1) NOT NULL
) ENGINE=InnoDB DEFAULT CHARSET=utf8 COLLATE=utf8_hungarian_ci;

INSERT INTO `diakok` (`DID`, `Nev`, `Osztaly`, `Nem`) VALUES
(1, 'Bognur Kapolcs', '7/d', 0x31),
(2, 'Sulcz Klarissza', '7/b', 0x30),
(3, 'Buzás Édua', '7/c', 0x30),
(4, 'Vay Gertrúd Valentina', '5/c', 0x30),
(5, 'Vadász Natália', '6/b', 0x30),
(6, 'Diószegi Holló', '7/c', 0x31),
(7, 'Michalocski Kamélia', '5/b', 0x30),
(8, 'Bacsóka Jakab Szíriusz', '7/c', 0x31),
(9, 'Stiblovszki Georgina', '7/b', 0x30),
(10, 'Moós Mahália', '5/a', 0x30),
(11, 'Sirásó Alfréda', '6/c', 0x30),
(12, 'Studurter Kenéz', '5/d', 0x31),
(13, 'Borbély Kenéz', '7/c', 0x31),
(14, 'Pauleczki Kornélia', '5/d', 0x30),
(15, 'Veleczki Apostol', '6/c', 0x31),
(16, 'Beloinszki Szibilla', '8/a', 0x30),
(17, 'Bálványosi Márton', '5/d', 0x31),
(18, 'Takács Celesztin Filomén', '5/a', 0x31),
(19, 'Világi Nikolett', '5/d', 0x30),
(20, 'Komáromi Lévi', '6/d', 0x31),
(21, 'Godó Ladiszla', '6/d', 0x30),
(22, 'Matylák Konstantin', '7/d', 0x31),
(23, 'Rabóczi Elmár', '8/c', 0x31),
(24, 'Bajzák Rigler Gellért', '7/d', 0x31),
(25, 'Majoros Manon', '8/b', 0x30),
(26, 'Üveges Alfréda', '7/c', 0x30),
(27, 'Orlovics Jenő', '7/c', 0x31),
(28, 'Morzsa Ágota', '5/c', 0x30),
(29, 'Csernátoni Marcellina', '6/a', 0x30),
(30, 'Kuhár Hanák Teréz', '7/a', 0x30),
(31, 'Jagerszki Vaszília', '6/d', 0x30),
(32, 'Natkó Alfonz', '7/a', 0x31),
(33, 'Rák Jozefina', '8/c', 0x30),
(34, 'Rampa Hajna', '8/c', 0x30),
(35, 'Jelenik Dorina', '6/c', 0x30),
(36, 'Békési Timótea', '8/a', 0x30),
(37, 'Abrankó Szólát', '5/a', 0x31),
(38, 'Viták Grácia', '7/d', 0x30),
(39, 'Hajnal Dóra', '7/a', 0x30),
(40, 'Erdősi Miletta Indira', '7/d', 0x30),
(41, 'Supiczki Vitéz Botond', '5/c', 0x31),
(42, 'Izsák Gizella', '5/b', 0x30),
(43, 'Hudák Eszmeralda', '5/d', 0x30),
(44, 'Vilemszki Galamb', '5/c', 0x30),
(45, 'Reviczki Kató', '5/b', 0x30),
(46, 'Heimlich Nanda', '6/d', 0x30),
(47, 'Mikolai Ivor', '6/c', 0x31),
(48, 'Balázs Delinke', '5/b', 0x30),
(49, 'Farkas Zamfira', '8/b', 0x30),
(50, 'Matylák Tádé Alán', '8/c', 0x31),
(51, 'Vida Varsány', '6/d', 0x31),
(52, 'Gazdig Evetke', '8/c', 0x30),
(53, 'Funke Arvid', '5/a', 0x31),
(54, 'Bodzás Timon', '6/c', 0x31),
(55, 'Patonay Nyeste', '5/c', 0x30),
(56, 'Sloszárik Lenke', '7/a', 0x30),
(57, 'Krupianka Zdenkó Csobán', '5/a', 0x31),
(58, 'Bénó Beáta', '6/a', 0x30),
(59, 'Heimlich Glória', '8/c', 0x30),
(60, 'Bujdos Arianna Olinda', '5/a', 0x30),
(61, 'Birkó Kámea', '7/d', 0x30),
(62, 'Baslio Lénárd', '6/a', 0x31),
(63, 'Gombos Őzike', '6/b', 0x30),
(64, 'Alacskai Kunigunda', '6/c', 0x30),
(65, 'Péter Alvin', '8/b', 0x31),
(66, 'Bolha Csobán', '6/b', 0x31),
(67, 'Szénégető Alárd', '6/d', 0x31),
(68, 'Járási Leontina', '5/d', 0x30),
(69, 'Gyöngy Amarillisz', '8/a', 0x30),
(70, 'Jedlicska Ottó', '8/b', 0x31),
(71, 'Gombai Adelinda', '8/c', 0x30),
(72, 'Führer Leona', '6/a', 0x30),
(73, 'Bodzás Zamfira', '7/d', 0x30),
(74, 'Bacskai Velmira', '8/c', 0x30),
(75, 'MéraiJella Robertina', '5/a', 0x30),
(76, 'Kuremszki Fabó', '8/c', 0x31),
(77, 'Beszpremi Belénszky Antonella', '8/b', 0x30),
(78, 'Kupecz Irina', '6/a', 0x30),
(79, 'Csákó Germán', '7/b', 0x31),
(80, 'Semsei Leonóra', '7/d', 0x30),
(81, 'Kossuth Rodion', '5/b', 0x31),
(82, 'Viták Füzike', '6/b', 0x30),
(83, 'Sveda Seherezádé', '7/b', 0x30),
(84, 'Horgos Atália', '7/a', 0x30),
(85, 'Tokos Maura', '5/b', 0x30),
(86, 'Huszina Teodolinda', '6/d', 0x30),
(87, 'Martsek Anatol', '6/b', 0x31),
(88, 'Rajnai Fiametta', '8/c', 0x30),
(89, 'Keisler Sonkos Leona', '5/a', 0x30),
(90, 'Császár Tokár Sebő', '7/b', 0x31),
(91, 'Beregoczki Judit', '7/c', 0x30),
(92, 'Fidler Szaniszló Hamilkár', '8/b', 0x31),
(93, 'SetnegaIla', '6/c', 0x30),
(94, 'Beregoczki Nikodémusz', '7/a', 0x31),
(95, 'Gutman Rodrigó', '5/a', 0x31),
(96, 'Ladányi Hermina', '7/d', 0x30),
(97, 'Albert Terebesi Baltazár', '6/a', 0x31),
(98, 'Bajos Honória', '5/c', 0x30),
(99, 'Terniczki Filippa', '6/b', 0x30),
(100, 'Azari Hedvig', '7/c', 0x30),
(101, 'Gyulai Antonella', '5/a', 0x30),
(102, 'Turcsányi Ivett', '6/a', 0x30),
(103, 'Ligai Mara', '6/c', 0x30),
(104, 'Majertsák Miron', '5/a', 0x31),
(105, 'Gávai Filotea', '7/d', 0x30),
(106, 'Ligai Joel', '8/a', 0x31),
(107, 'Szénégető Liberátusz', '7/b', 0x31),
(108, 'Ferenc Ludovika', '8/a', 0x30),
(109, 'Fille rLázár', '6/b', 0x31),
(110, 'Krupa Orbó', '5/c', 0x31),
(111, 'Veleczki Oktávia', '6/b', 0x30),
(112, 'Rusmiczki Adelaida', '5/a', 0x30),
(113, 'Bukovics Bagamér', '6/b', 0x31),
(114, 'Cseki Enciána', '6/d', 0x30),
(115, 'Stiber Marcella', '6/a', 0x30),
(116, 'Vicsonka Nadinka', '7/d', 0x30),
(117, 'Seidenfeld Julianna', '5/d', 0x30),
(118, 'Bálint Eliza', '6/a', 0x30),
(119, 'Csernátoni Janka Krizanta', '8/c', 0x30),
(120, 'Oldal Bottyán', '6/c', 0x31),
(121, 'Gyömbér Jusztina', '5/a', 0x30),
(122, 'Solcz Elvira', '5/a', 0x30),
(123, 'Gulyás Aletta', '5/a', 0x30),
(124, 'Ender Abelárd', '7/b', 0x31),
(125, 'Tapolczai Elza', '6/d', 0x30),
(126, 'Nikolaus Mátyás', '7/b', 0x31),
(127, 'Flór Amadil', '5/c', 0x30),
(128, 'Visnovszki Ráfis Patrícius', '5/c', 0x31),
(129, 'Horovitz Rufina', '5/a', 0x30),
(130, 'Puskás Amábel', '6/d', 0x30),
(131, 'Peller Uriel', '8/c', 0x31),
(132, 'Heimlich Letanovics Rudolfina', '8/a', 0x30),
(133, 'Kuhár Adél', '6/d', 0x30),
(134, 'Balsai Líviusz', '7/b', 0x31),
(135, 'Vitányi Irma', '8/a', 0x30),
(136, 'Szuklina Zella', '8/c', 0x30),
(137, 'Orosz Magdolna', '8/c', 0x30),
(138, 'Kerhács Viktorina', '5/c', 0x30),
(139, 'Bacskai Blandina', '6/d', 0x30),
(140, 'Szedliczki Viktor', '8/c', 0x31),
(141, 'Üveges Zina', '6/c', 0x30),
(142, 'Seidenfeld Violetta', '5/a', 0x30),
(143, 'Bíró Lázár', '8/a', 0x31),
(144, 'Martsek Axel', '8/b', 0x31),
(145, 'Császár Vitéz', '8/b', 0x31),
(146, 'Matyi Pelágiusz', '7/b', 0x31),
(147, 'Selyesztáli Lajos', '6/c', 0x31),
(148, 'Kerülő Rusztem', '5/a', 0x31),
(149, 'Berger Boriska', '8/c', 0x30),
(150, 'Gönczi Zöldike', '5/b', 0x30),
(151, 'Marton Kelen', '5/d', 0x31),
(152, 'Lövei Emma', '7/a', 0x30),
(153, 'Semba Hermina Rodelinda', '7/a', 0x30),
(154, 'Selyesztáli Alberta', '6/a', 0x30),
(155, 'Makranczi Etel', '6/b', 0x30),
(156, 'Csernátoni Viktória', '8/b', 0x30),
(157, 'Seidenfeld Klaudetta', '6/b', 0x30),
(158, 'Csernáton iNinetta', '7/a', 0x30),
(159, 'Hajósi Réta', '5/b', 0x30),
(160, 'Veres Pellegrin', '7/b', 0x31),
(161, 'Vinnai Alán', '6/b', 0x31),
(162, 'Ardon Robertina', '5/c', 0x30),
(163, 'Bajusz Malakiás', '7/a', 0x31),
(164, 'Szücs Héra Pintyőke', '6/d', 0x30),
(165, 'Voktel Lilla', '5/b', 0x30),
(166, 'Habina Gunda', '6/d', 0x30),
(167, 'Belánszky Tasziló', '5/c', 0x31),
(168, 'Bregovszki Zerind', '8/a', 0x31),
(169, 'Matusz Havaska Alida', '7/c', 0x30),
(170, 'Füredi Konkordia', '5/c', 0x30),
(171, 'Imrej Leon', '6/a', 0x31),
(172, 'Szabó Celeszta', '6/d', 0x30),
(173, 'Banácskai Adony', '6/c', 0x31),
(174, 'Petrányi Auguszta', '7/c', 0x30),
(175, 'Pintér Ofélia', '5/a', 0x30),
(176, 'Kalmár Dalida', '7/c', 0x30),
(177, 'Nemes Itala', '8/c', 0x30),
(178, 'Sipos Elma', '6/a', 0x30),
(179, 'Radvánszki Járfás', '5/b', 0x31),
(180, 'Hanis Kiliána', '8/a', 0x30),
(181, 'Bankovics Hóvirág', '5/b', 0x30),
(182, 'Diószegi Gyárfás', '6/d', 0x31),
(183, 'Bájer Irén', '6/d', 0x30),
(184, 'Vitak Ulrika Odília', '7/c', 0x30),
(185, 'Bela Zseraldina', '8/a', 0x30),
(186, 'Gabura Atád', '7/d', 0x31),
(187, 'Bencze Tünde', '5/d', 0x30),
(188, 'Korpás Izabella', '6/c', 0x30),
(189, 'Bolha Baranyi Gerle', '7/b', 0x30),
(190, 'Fazekas Ariadné', '8/b', 0x30),
(191, 'Jaruzevics Tarján', '5/b', 0x31),
(192, 'Szemerdák Immánuel', '6/a', 0x31),
(193, 'Szatmári Melióra', '5/d', 0x30),
(194, 'Matisz Zója', '5/d', 0x30),
(195, 'Bársony Mihály', '6/c', 0x31),
(196, 'Borbó Amázia Benedikta', '7/c', 0x30),
(197, 'Béres Kriszta', '6/c', 0x30),
(198, 'Horváth Norina', '6/a', 0x30),
(199, 'Ökör Zina', '8/b', 0x30),
(200, 'Bik Mietta', '7/d', 0x30),
(201, 'Vitronka Teodolinda', '5/b', 0x30),
(202, 'Kuhár Pasztorella', '7/c', 0x30),
(203, 'Kilián Fehérke', '7/b', 0x30),
(204, 'Mándoki Sándor', '8/b', 0x31),
(205, 'Pesta Germán', '7/d', 0x31),
(206, 'Szelei Kleofás', '8/b', 0x31),
(207, 'Csiky Benjamina', '5/c', 0x30),
(208, 'Szemerdák Bartos', '6/c', 0x31),
(209, 'Kuril Indira Tercia', '8/b', 0x30),
(210, 'Nikita Teobald', '8/a', 0x31),
(211, 'Tóth Alexia', '6/b', 0x30),
(212, 'Diószegi Sándor Kármen', '5/a', 0x30),
(213, 'Kiszely Zsuzsa', '6/c', 0x30),
(214, 'Varkoly Zebesi Dalida', '6/b', 0x30),
(215, 'Sloszárik Manon', '6/a', 0x30),
(216, 'Berger Karád', '7/a', 0x31),
(217, 'Járási Ariadné', '5/b', 0x30),
(218, 'Gelniczi Melióra', '7/c', 0x30),
(219, 'Zavatka Dömötör', '8/a', 0x31),
(220, 'Boka Viola Evelin', '5/c', 0x30),
(221, 'Albert Dosnyák Kincső', '6/c', 0x30),
(222, 'Gelniczi Filoméla', '8/c', 0x30),
(223, 'Veleczki Minna', '7/b', 0x30),
(224, 'Fischer Fortuna', '7/b', 0x30),
(225, 'Szedikár Zsombor', '6/a', 0x31),
(226, 'Rozovics Peónia', '5/c', 0x30),
(227, 'Borisz Paulina', '5/a', 0x30),
(228, 'Erős Patre Reményke', '7/d', 0x30),
(229, 'Szenes Dalibor', '6/d', 0x31),
(230, 'Rajnai Diána', '8/c', 0x30),
(231, 'PetróIza', '5/a', 0x30),
(232, 'Bocsárszki Valentina', '7/c', 0x30),
(233, 'Törös Petronella', '7/c', 0x30),
(234, 'Szelikán Rozamunda', '7/b', 0x30),
(235, 'Ernyicz Fóris', '6/c', 0x31),
(236, 'Litner Elmó', '8/b', 0x31),
(237, 'Lakatos Csombor', '6/d', 0x31),
(238, 'Berniczi Ramóna', '8/b', 0x30),
(239, 'Solymári Elígiusz', '8/c', 0x31),
(240, 'Beregoczki Letícia', '5/c', 0x30),
(241, 'Krupa Szalvia', '8/c', 0x30),
(242, 'Frankel Gemella', '8/a', 0x30),
(243, 'Dankó Rúfusz', '6/c', 0x31),
(244, 'Kéményes Fernanda', '6/a', 0x30),
(245, 'Mikulecz Szólát', '6/d', 0x31),
(246, 'Pesta Cintia', '7/c', 0x30),
(247, 'Viltsur Rajmunda', '7/b', 0x30),
(248, 'Bencze Rozmarin', '5/c', 0x30),
(249, 'Bencsek Jázmin', '6/c', 0x30),
(250, 'Zanóczi Amarilla', '6/b', 0x30),
(251, 'Pongrácz Viviána', '8/b', 0x30),
(252, 'Téglás Hanna', '8/b', 0x30),
(253, 'Kazimir Edvina', '8/a', 0x30),
(254, 'Czirkus Ervina', '7/c', 0x30),
(255, 'Rajtsák Nerina', '6/d', 0x30),
(256, 'Meleg Fausztusz', '5/c', 0x31),
(257, 'Kanyuk Oktávia', '5/a', 0x30),
(258, 'Muszka Hippolit', '5/c', 0x31),
(259, 'Vinnai Csörsz', '5/a', 0x31),
(260, 'Suták Vaszília Vera', '5/d', 0x30),
(261, 'Iván Ibolya', '8/c', 0x30),
(262, 'Barkóczki Metta', '8/c', 0x30),
(263, 'Ökör Kajandik Irén', '5/a', 0x30),
(264, 'Karajos Kalliszta', '7/c', 0x30),
(265, 'Budai Rikarda', '5/a', 0x30),
(266, 'Markovszki Teodóra', '6/a', 0x30),
(267, 'Baranyi Oktávia', '5/c', 0x30),
(268, 'Bajzák Adriána', '6/b', 0x30),
(269, 'Rozovics Alinka', '8/a', 0x30),
(270, 'Görgei Tamara', '5/d', 0x30),
(271, 'Hamvai Ninetta Fausztina', '5/a', 0x30),
(272, 'Szobonya Melina', '7/c', 0x30),
(273, 'Palkovics Pelágia', '6/d', 0x30),
(274, 'Kostfi Genovéva', '8/c', 0x30),
(275, 'Király Kalliopé', '5/a', 0x30),
(276, 'Bölkei Kötöny Dezső', '7/a', 0x31),
(277, 'Natafalusi Benedek', '6/a', 0x31),
(278, 'Cselőtei Norberta', '5/c', 0x30),
(279, 'Szebényi Médea', '6/b', 0x30),
(280, 'Vékási Bonifác', '6/a', 0x31),
(281, 'Zebesi Ella', '8/b', 0x30),
(282, 'Révész Nefelejcs', '5/c', 0x30),
(283, 'Pajnoga Henrietta', '7/d', 0x30),
(284, 'Musela Viktória Samuella', '5/a', 0x30),
(285, 'Polyák Mietta', '5/a', 0x30),
(286, 'Patonay Eliána', '5/c', 0x30),
(287, 'Vas Laborc', '5/a', 0x31),
(288, 'Stimák Rápolt', '6/b', 0x31),
(289, 'Báthori Őzike', '6/a', 0x30),
(290, 'Galanszki Sarolta', '7/d', 0x30),
(291, 'Zavatka Teréz', '5/d', 0x30),
(292, 'Kupecz Asztalos Gréta', '7/a', 0x30),
(293, 'Kvaszinger Florentin', '6/d', 0x31),
(294, 'Bakos Marcián', '5/a', 0x31),
(295, 'Moós Fekete Alinka', '6/a', 0x30),
(296, 'Obra Franciska Albertina', '8/c', 0x30),
(297, 'Kabai Dabás Móric', '8/a', 0x31),
(298, 'Hipik Friderika', '6/b', 0x30),
(299, 'Orsós Zakariás', '7/c', 0x31),
(300, 'Gyökér Anzelm', '6/c', 0x31),
(301, 'Terebesi Dárius Géza', '7/c', 0x31);

CREATE TABLE `jegyek` (
  `DId` int(11) NOT NULL,
  `TID` int(11) NOT NULL,
  `Jegy` int(11) NOT NULL,
  `Irasbeli` binary(1) NOT NULL,
  `Datum` date NOT NULL
) ENGINE=InnoDB DEFAULT CHARSET=utf8 COLLATE=utf8_hungarian_ci;

INSERT INTO `jegyek` (`DId`, `TID`, `Jegy`, `Irasbeli`, `Datum`) VALUES
(157, 1, 1, 0x30, '2006-11-19'),
(241, 16, 5, 0x30, '2006-11-23'),
(237, 7, 1, 0x30, '2006-09-23'),
(137, 10, 2, 0x30, '2006-09-14'),
(197, 1, 4, 0x31, '2006-11-29'),
(146, 8, 2, 0x30, '2006-09-14'),
(33, 5, 1, 0x30, '2006-11-25'),
(218, 16, 4, 0x31, '2006-11-14'),
(134, 4, 3, 0x30, '2006-12-09'),
(41, 9, 1, 0x30, '2006-10-23'),
(225, 7, 3, 0x30, '2006-10-05'),
(149, 2, 4, 0x31, '2006-09-21'),
(99, 10, 4, 0x31, '2006-09-19'),
(114, 14, 1, 0x30, '2006-10-09'),
(143, 3, 2, 0x30, '2006-11-01'),
(150, 1, 1, 0x31, '2006-09-12'),
(250, 16, 4, 0x30, '2006-10-20'),
(106, 1, 2, 0x30, '2006-09-21'),
(216, 16, 5, 0x30, '2006-09-17'),
(74, 7, 4, 0x31, '2006-10-03'),
(197, 11, 2, 0x30, '2006-09-18'),
(196, 16, 4, 0x31, '2006-11-30'),
(37, 15, 5, 0x30, '2006-09-25'),
(179, 8, 5, 0x31, '2006-10-18'),
(114, 5, 1, 0x31, '2006-09-14'),
(187, 8, 5, 0x30, '2006-11-07'),
(113, 13, 5, 0x30, '2006-09-21'),
(6, 4, 3, 0x31, '2006-09-23'),
(9, 10, 3, 0x30, '2006-12-03'),
(117, 7, 3, 0x30, '2006-09-17'),
(292, 13, 5, 0x30, '2006-10-24'),
(191, 14, 1, 0x30, '2006-11-03'),
(44, 16, 2, 0x30, '2006-11-18'),
(235, 9, 2, 0x31, '2006-10-05'),
(216, 5, 3, 0x31, '2006-09-16'),
(16, 11, 5, 0x30, '2006-11-09'),
(235, 11, 5, 0x31, '2006-10-01'),
(297, 10, 1, 0x30, '2006-10-13'),
(278, 5, 4, 0x31, '2006-11-28'),
(141, 4, 4, 0x30, '2006-10-17'),
(51, 1, 5, 0x30, '2006-10-04'),
(52, 1, 2, 0x30, '2006-11-21'),
(53, 14, 2, 0x31, '2006-11-19'),
(197, 10, 2, 0x30, '2006-11-17'),
(101, 16, 5, 0x30, '2006-12-01'),
(6, 10, 1, 0x31, '2006-09-25'),
(252, 3, 5, 0x31, '2006-11-06'),
(133, 7, 5, 0x31, '2006-09-30'),
(85, 7, 5, 0x30, '2006-12-06'),
(294, 11, 5, 0x30, '2006-12-10'),
(69, 13, 1, 0x30, '2006-10-31'),
(220, 5, 2, 0x30, '2006-10-02'),
(37, 7, 1, 0x31, '2006-09-25'),
(247, 16, 2, 0x31, '2006-11-14'),
(89, 6, 4, 0x31, '2006-09-13'),
(42, 2, 4, 0x30, '2006-10-17'),
(293, 10, 1, 0x30, '2006-11-13'),
(174, 14, 2, 0x30, '2006-09-22'),
(256, 12, 3, 0x31, '2006-11-07'),
(62, 7, 4, 0x30, '2006-11-05'),
(150, 14, 5, 0x30, '2006-10-28'),
(295, 4, 5, 0x30, '2006-12-07'),
(155, 10, 4, 0x30, '2006-09-26'),
(28, 10, 1, 0x30, '2006-11-28'),
(19, 13, 1, 0x31, '2006-10-29'),
(63, 16, 2, 0x30, '2006-11-12'),
(283, 5, 5, 0x31, '2006-09-30'),
(241, 5, 5, 0x31, '2006-11-01'),
(135, 3, 2, 0x30, '2006-10-23'),
(257, 11, 4, 0x30, '2006-09-27'),
(100, 4, 1, 0x31, '2006-10-18'),
(73, 10, 4, 0x31, '2006-10-01'),
(215, 2, 5, 0x31, '2006-09-27'),
(252, 15, 1, 0x31, '2006-09-28'),
(80, 6, 4, 0x30, '2006-09-30'),
(198, 9, 1, 0x30, '2006-11-06'),
(116, 16, 4, 0x31, '2006-12-01'),
(195, 13, 2, 0x31, '2006-12-04'),
(153, 16, 1, 0x30, '2006-10-01'),
(4, 6, 1, 0x30, '2006-10-24'),
(21, 14, 4, 0x31, '2006-10-24'),
(144, 9, 3, 0x31, '2006-10-22'),
(118, 9, 3, 0x31, '2006-12-07'),
(231, 10, 3, 0x30, '2006-10-05'),
(157, 12, 4, 0x30, '2006-11-07'),
(158, 2, 1, 0x31, '2006-09-29'),
(197, 16, 2, 0x30, '2006-10-21'),
(187, 16, 5, 0x30, '2006-09-29'),
(287, 1, 5, 0x30, '2006-10-31'),
(133, 5, 3, 0x31, '2006-10-25'),
(114, 9, 4, 0x30, '2006-12-04'),
(46, 12, 5, 0x30, '2006-11-14'),
(233, 3, 3, 0x31, '2006-11-05'),
(122, 7, 5, 0x30, '2006-10-27'),
(26, 6, 2, 0x30, '2006-11-30'),
(191, 16, 4, 0x30, '2006-12-03'),
(45, 13, 1, 0x30, '2006-11-30'),
(257, 8, 4, 0x30, '2006-09-17'),
(275, 16, 3, 0x30, '2006-12-10'),
(79, 2, 4, 0x30, '2006-10-22'),
(139, 16, 4, 0x30, '2006-09-28'),
(129, 3, 1, 0x30, '2006-11-15'),
(260, 6, 4, 0x30, '2006-10-24'),
(248, 9, 1, 0x31, '2006-10-30'),
(270, 9, 1, 0x30, '2006-10-02'),
(97, 13, 5, 0x31, '2006-09-16'),
(241, 5, 4, 0x30, '2006-11-30'),
(196, 10, 4, 0x30, '2006-10-13'),
(41, 1, 1, 0x31, '2006-10-27'),
(177, 11, 4, 0x30, '2006-10-27'),
(20, 5, 2, 0x31, '2006-11-17'),
(99, 2, 5, 0x30, '2006-10-20'),
(158, 15, 2, 0x30, '2006-09-13'),
(238, 14, 3, 0x31, '2006-11-03'),
(54, 15, 3, 0x30, '2006-12-08'),
(224, 6, 2, 0x30, '2006-12-10'),
(88, 7, 3, 0x30, '2006-12-06'),
(79, 2, 4, 0x30, '2006-09-28'),
(148, 16, 1, 0x30, '2006-10-28'),
(274, 3, 4, 0x31, '2006-12-05'),
(116, 1, 4, 0x30, '2006-12-03'),
(38, 10, 2, 0x30, '2006-09-30'),
(20, 8, 1, 0x31, '2006-11-02'),
(115, 4, 2, 0x30, '2006-10-08'),
(84, 10, 2, 0x30, '2006-11-27'),
(83, 2, 2, 0x30, '2006-10-31'),
(271, 8, 2, 0x30, '2006-11-04'),
(218, 10, 1, 0x31, '2006-11-12'),
(298, 11, 2, 0x30, '2006-10-27'),
(215, 7, 3, 0x30, '2006-10-10'),
(180, 8, 1, 0x31, '2006-10-11'),
(43, 9, 3, 0x30, '2006-10-29'),
(49, 9, 4, 0x30, '2006-10-12'),
(63, 8, 5, 0x30, '2006-12-03'),
(207, 3, 3, 0x31, '2006-11-09'),
(275, 6, 1, 0x31, '2006-11-13'),
(121, 13, 4, 0x30, '2006-09-17'),
(212, 8, 3, 0x30, '2006-10-25'),
(265, 3, 3, 0x30, '2006-11-07'),
(253, 6, 4, 0x31, '2006-11-24'),
(294, 2, 5, 0x30, '2006-09-25'),
(214, 10, 5, 0x30, '2006-12-07'),
(169, 6, 5, 0x30, '2006-10-13'),
(76, 4, 1, 0x30, '2006-10-30'),
(194, 8, 2, 0x30, '2006-12-09'),
(123, 8, 4, 0x31, '2006-11-20'),
(15, 6, 4, 0x30, '2006-10-15'),
(237, 8, 3, 0x30, '2006-10-14'),
(59, 14, 1, 0x30, '2006-09-12'),
(230, 14, 5, 0x30, '2006-11-20'),
(166, 14, 5, 0x30, '2006-09-17'),
(121, 10, 4, 0x31, '2006-11-17'),
(165, 6, 4, 0x30, '2006-10-13'),
(300, 2, 4, 0x30, '2006-09-22'),
(15, 2, 5, 0x30, '2006-10-05'),
(68, 5, 5, 0x31, '2006-10-15'),
(130, 4, 1, 0x30, '2006-10-22'),
(93, 3, 2, 0x30, '2006-09-29'),
(259, 13, 2, 0x31, '2006-09-23'),
(183, 15, 3, 0x30, '2006-10-15'),
(298, 2, 3, 0x30, '2006-10-03'),
(240, 8, 1, 0x31, '2006-10-31'),
(203, 2, 5, 0x31, '2006-09-27'),
(170, 10, 4, 0x30, '2006-11-17'),
(79, 7, 5, 0x31, '2006-10-21'),
(299, 13, 2, 0x30, '2006-09-23'),
(8, 2, 2, 0x30, '2006-09-29'),
(174, 7, 3, 0x30, '2006-12-06'),
(300, 4, 1, 0x31, '2006-10-04'),
(69, 4, 2, 0x31, '2006-11-28'),
(85, 4, 2, 0x30, '2006-09-11'),
(291, 14, 3, 0x30, '2006-09-30'),
(277, 11, 4, 0x30, '2006-10-31'),
(95, 16, 1, 0x30, '2006-12-10'),
(34, 15, 1, 0x31, '2006-11-23'),
(260, 1, 3, 0x30, '2006-10-06'),
(292, 7, 1, 0x31, '2006-11-30'),
(237, 3, 3, 0x30, '2006-11-22'),
(242, 6, 4, 0x30, '2006-10-28'),
(206, 8, 3, 0x30, '2006-12-06'),
(72, 7, 4, 0x30, '2006-10-18'),
(131, 8, 3, 0x30, '2006-10-17'),
(60, 1, 5, 0x30, '2006-09-13'),
(280, 10, 4, 0x30, '2006-11-07'),
(231, 2, 3, 0x30, '2006-10-05'),
(289, 16, 3, 0x31, '2006-11-21'),
(51, 12, 1, 0x31, '2006-12-02'),
(292, 13, 2, 0x30, '2006-10-31'),
(259, 16, 5, 0x30, '2006-10-15'),
(52, 14, 4, 0x30, '2006-09-26'),
(217, 9, 3, 0x31, '2006-11-14'),
(232, 5, 5, 0x31, '2006-10-21'),
(252, 8, 2, 0x30, '2006-10-17'),
(249, 4, 4, 0x30, '2006-10-27'),
(298, 11, 3, 0x30, '2006-11-13'),
(254, 6, 5, 0x30, '2006-10-25'),
(177, 11, 5, 0x31, '2006-10-11'),
(3, 14, 5, 0x30, '2006-11-11'),
(187, 12, 5, 0x30, '2006-12-04'),
(271, 5, 3, 0x30, '2006-09-30'),
(194, 15, 1, 0x30, '2006-11-01'),
(199, 12, 2, 0x30, '2006-11-19'),
(149, 1, 2, 0x30, '2006-10-16'),
(281, 15, 4, 0x30, '2006-10-22'),
(62, 5, 2, 0x30, '2006-10-29'),
(7, 14, 3, 0x30, '2006-09-20'),
(187, 13, 3, 0x30, '2006-09-22'),
(47, 9, 4, 0x31, '2006-11-15'),
(21, 3, 5, 0x30, '2006-10-11'),
(208, 9, 5, 0x30, '2006-11-13'),
(41, 12, 4, 0x30, '2006-09-11'),
(91, 10, 2, 0x30, '2006-09-11'),
(250, 11, 3, 0x30, '2006-09-23'),
(19, 8, 3, 0x30, '2006-10-30'),
(210, 5, 4, 0x30, '2006-10-06'),
(185, 4, 4, 0x30, '2006-11-11'),
(242, 9, 4, 0x30, '2006-10-24'),
(23, 12, 4, 0x30, '2006-10-04'),
(275, 14, 1, 0x30, '2006-10-08'),
(88, 10, 3, 0x31, '2006-11-14'),
(273, 10, 5, 0x30, '2006-12-02'),
(261, 9, 5, 0x30, '2006-09-21'),
(158, 11, 1, 0x30, '2006-10-04'),
(105, 4, 2, 0x30, '2006-10-25'),
(224, 13, 1, 0x30, '2006-11-03'),
(201, 4, 5, 0x31, '2006-10-23'),
(257, 9, 3, 0x30, '2006-12-01'),
(240, 5, 2, 0x30, '2006-09-20'),
(222, 14, 2, 0x30, '2006-10-13'),
(189, 2, 3, 0x31, '2006-11-20'),
(23, 13, 4, 0x30, '2006-10-20'),
(249, 12, 2, 0x30, '2006-10-26'),
(142, 5, 4, 0x30, '2006-10-21'),
(191, 1, 1, 0x30, '2006-09-25'),
(3, 7, 4, 0x30, '2006-11-01'),
(104, 9, 2, 0x30, '2006-09-24'),
(241, 8, 5, 0x30, '2006-10-16'),
(34, 4, 1, 0x30, '2006-11-09'),
(66, 4, 5, 0x30, '2006-10-25'),
(76, 12, 1, 0x31, '2006-10-29'),
(40, 15, 4, 0x30, '2006-11-15'),
(200, 15, 3, 0x30, '2006-12-06'),
(170, 3, 2, 0x30, '2006-11-20'),
(229, 16, 3, 0x30, '2006-10-20'),
(121, 15, 3, 0x31, '2006-10-27'),
(84, 11, 5, 0x30, '2006-10-19'),
(83, 7, 2, 0x30, '2006-09-22'),
(76, 16, 2, 0x30, '2006-11-29'),
(127, 13, 4, 0x30, '2006-09-20'),
(36, 5, 3, 0x30, '2006-10-19'),
(202, 2, 3, 0x30, '2006-09-11'),
(17, 16, 5, 0x30, '2006-10-05'),
(108, 8, 2, 0x30, '2006-09-30'),
(153, 3, 5, 0x30, '2006-10-25'),
(5, 1, 5, 0x31, '2006-09-11'),
(66, 13, 2, 0x30, '2006-10-25'),
(160, 12, 1, 0x31, '2006-11-20'),
(259, 2, 3, 0x31, '2006-11-11'),
(244, 4, 4, 0x31, '2006-11-21'),
(119, 3, 3, 0x30, '2006-12-03'),
(210, 1, 1, 0x30, '2006-10-11'),
(126, 16, 4, 0x30, '2006-10-11'),
(161, 12, 1, 0x30, '2006-10-28'),
(138, 2, 2, 0x31, '2006-11-26'),
(18, 5, 1, 0x31, '2006-10-20'),
(26, 9, 3, 0x30, '2006-10-27'),
(231, 6, 5, 0x31, '2006-09-21'),
(160, 12, 2, 0x31, '2006-11-02'),
(237, 16, 3, 0x30, '2006-11-29'),
(255, 15, 3, 0x30, '2006-10-05'),
(95, 3, 3, 0x31, '2006-09-15'),
(55, 8, 4, 0x31, '2006-09-14'),
(39, 12, 3, 0x30, '2006-11-17'),
(10, 8, 4, 0x30, '2006-11-01'),
(64, 4, 3, 0x30, '2006-10-07'),
(90, 6, 2, 0x30, '2006-12-03'),
(93, 7, 1, 0x31, '2006-12-08'),
(200, 8, 2, 0x31, '2006-11-26'),
(290, 2, 3, 0x30, '2006-10-21'),
(216, 1, 3, 0x30, '2006-09-25'),
(90, 9, 3, 0x31, '2006-10-04'),
(127, 8, 2, 0x31, '2006-10-06'),
(135, 4, 1, 0x30, '2006-10-04'),
(251, 9, 2, 0x30, '2006-09-21'),
(11, 15, 5, 0x31, '2006-11-15'),
(301, 5, 5, 0x30, '2006-10-19'),
(48, 9, 3, 0x30, '2006-10-22'),
(70, 3, 5, 0x30, '2006-10-18'),
(232, 5, 3, 0x30, '2006-10-29'),
(86, 11, 4, 0x30, '2006-10-04'),
(198, 13, 4, 0x30, '2006-10-14'),
(212, 8, 4, 0x30, '2006-10-15'),
(141, 4, 2, 0x31, '2006-10-03'),
(24, 16, 1, 0x30, '2006-10-30'),
(275, 5, 3, 0x30, '2006-11-28'),
(21, 2, 3, 0x30, '2006-12-06'),
(279, 4, 2, 0x30, '2006-10-05'),
(159, 10, 2, 0x31, '2006-11-12'),
(89, 10, 2, 0x30, '2006-09-22'),
(293, 9, 5, 0x30, '2006-12-03'),
(277, 15, 4, 0x30, '2006-09-23'),
(181, 7, 4, 0x30, '2006-10-06'),
(295, 11, 2, 0x30, '2006-10-06'),
(228, 6, 5, 0x31, '2006-11-27'),
(157, 13, 5, 0x30, '2006-09-18'),
(286, 10, 4, 0x30, '2006-09-18'),
(266, 2, 1, 0x30, '2006-10-28'),
(25, 10, 5, 0x30, '2006-11-30'),
(26, 13, 5, 0x30, '2006-10-03'),
(68, 14, 5, 0x31, '2006-10-19'),
(261, 2, 1, 0x30, '2006-12-10'),
(108, 14, 5, 0x31, '2006-12-09'),
(203, 8, 3, 0x30, '2006-11-20'),
(283, 4, 4, 0x30, '2006-09-23'),
(172, 11, 2, 0x30, '2006-10-06'),
(18, 15, 5, 0x31, '2006-12-08'),
(292, 15, 3, 0x31, '2006-11-29'),
(10, 13, 3, 0x30, '2006-11-06'),
(104, 3, 5, 0x30, '2006-10-26'),
(164, 15, 2, 0x30, '2006-12-05'),
(118, 15, 4, 0x30, '2006-09-18'),
(129, 7, 1, 0x30, '2006-09-12'),
(266, 13, 3, 0x31, '2006-09-19'),
(144, 4, 3, 0x30, '2006-11-01'),
(136, 13, 2, 0x30, '2006-12-03'),
(298, 4, 4, 0x30, '2006-11-22'),
(47, 14, 1, 0x30, '2006-09-27'),
(33, 5, 1, 0x30, '2006-12-08'),
(142, 2, 2, 0x30, '2006-09-28'),
(237, 14, 4, 0x31, '2006-12-03'),
(224, 4, 4, 0x30, '2006-12-05'),
(141, 1, 3, 0x30, '2006-10-15'),
(184, 6, 5, 0x30, '2006-09-12'),
(209, 5, 5, 0x30, '2006-09-25'),
(2, 15, 5, 0x31, '2006-10-14'),
(123, 3, 5, 0x30, '2006-12-07'),
(274, 7, 5, 0x30, '2006-10-09'),
(5, 9, 1, 0x30, '2006-11-05'),
(40, 10, 5, 0x30, '2006-11-22'),
(211, 8, 4, 0x31, '2006-10-03'),
(39, 4, 4, 0x31, '2006-10-16'),
(3, 5, 5, 0x30, '2006-11-06'),
(5, 2, 4, 0x31, '2006-12-10'),
(56, 12, 3, 0x30, '2006-12-08'),
(29, 7, 4, 0x30, '2006-11-18'),
(198, 16, 5, 0x30, '2006-09-14'),
(4, 12, 5, 0x31, '2006-10-16'),
(4, 15, 1, 0x31, '2006-12-08'),
(201, 13, 1, 0x30, '2006-09-27'),
(36, 3, 3, 0x30, '2006-12-04'),
(301, 9, 5, 0x31, '2006-11-10'),
(286, 6, 3, 0x30, '2006-10-18'),
(175, 5, 2, 0x30, '2006-11-20'),
(15, 14, 1, 0x30, '2006-09-23'),
(65, 4, 2, 0x30, '2006-09-23'),
(103, 7, 1, 0x30, '2006-11-10'),
(16, 7, 3, 0x30, '2006-10-13'),
(179, 3, 5, 0x30, '2006-10-05'),
(251, 10, 2, 0x31, '2006-11-11'),
(156, 6, 2, 0x30, '2006-10-08'),
(158, 3, 4, 0x30, '2006-11-09'),
(213, 16, 2, 0x31, '2006-10-20'),
(202, 8, 4, 0x30, '2006-11-18'),
(33, 9, 4, 0x30, '2006-11-25'),
(301, 12, 1, 0x31, '2006-10-31'),
(39, 8, 5, 0x30, '2006-09-17'),
(201, 5, 4, 0x30, '2006-10-02'),
(100, 11, 1, 0x30, '2006-10-10'),
(107, 11, 4, 0x31, '2006-11-23'),
(57, 15, 4, 0x30, '2006-10-21'),
(93, 13, 5, 0x31, '2006-09-24'),
(39, 2, 2, 0x30, '2006-09-27'),
(8, 6, 5, 0x30, '2006-11-15'),
(13, 10, 4, 0x30, '2006-12-05'),
(202, 3, 5, 0x30, '2006-12-07'),
(282, 2, 5, 0x30, '2006-11-07'),
(161, 11, 5, 0x30, '2006-11-01'),
(294, 11, 1, 0x31, '2006-11-06'),
(65, 12, 1, 0x30, '2006-09-29'),
(153, 13, 4, 0x30, '2006-09-13'),
(113, 7, 4, 0x31, '2006-11-25'),
(218, 3, 1, 0x30, '2006-12-04'),
(36, 4, 4, 0x31, '2006-10-14'),
(14, 10, 1, 0x31, '2006-11-15'),
(114, 14, 4, 0x31, '2006-10-29'),
(47, 2, 2, 0x30, '2006-10-12'),
(99, 6, 5, 0x30, '2006-09-16'),
(287, 6, 4, 0x31, '2006-12-08'),
(115, 3, 3, 0x30, '2006-11-07'),
(171, 11, 2, 0x30, '2006-11-27'),
(36, 4, 3, 0x31, '2006-12-10'),
(275, 14, 3, 0x30, '2006-10-31'),
(208, 2, 4, 0x30, '2006-09-24'),
(250, 7, 2, 0x30, '2006-10-05'),
(125, 7, 3, 0x30, '2006-10-21'),
(214, 14, 3, 0x31, '2006-09-23'),
(284, 11, 1, 0x31, '2006-10-14'),
(14, 11, 1, 0x30, '2006-09-12'),
(15, 13, 5, 0x30, '2006-10-20'),
(165, 6, 4, 0x30, '2006-09-24'),
(87, 2, 5, 0x31, '2006-12-06'),
(147, 7, 5, 0x30, '2006-10-25'),
(212, 9, 4, 0x30, '2006-10-03'),
(76, 14, 5, 0x30, '2006-10-13'),
(215, 14, 4, 0x31, '2006-09-12'),
(140, 13, 2, 0x31, '2006-11-11'),
(220, 13, 3, 0x31, '2006-10-09'),
(157, 2, 5, 0x30, '2006-10-08'),
(114, 4, 2, 0x30, '2006-09-16'),
(195, 13, 4, 0x30, '2006-09-23'),
(7, 7, 2, 0x31, '2006-12-08'),
(299, 11, 5, 0x30, '2006-11-09'),
(205, 10, 1, 0x30, '2006-11-15'),
(75, 12, 3, 0x30, '2006-10-26'),
(191, 8, 1, 0x31, '2006-10-28'),
(248, 6, 2, 0x30, '2006-10-23'),
(146, 5, 1, 0x30, '2006-10-24'),
(50, 5, 3, 0x30, '2006-12-04'),
(133, 8, 4, 0x30, '2006-11-26'),
(247, 11, 4, 0x30, '2006-11-12'),
(39, 11, 2, 0x31, '2006-10-06'),
(257, 3, 2, 0x31, '2006-11-24'),
(288, 16, 1, 0x31, '2006-09-29'),
(202, 6, 1, 0x30, '2006-09-28'),
(296, 16, 3, 0x31, '2006-10-23'),
(76, 7, 3, 0x30, '2006-11-11'),
(115, 15, 3, 0x31, '2006-12-07'),
(167, 4, 3, 0x30, '2006-10-12'),
(104, 4, 1, 0x31, '2006-12-01'),
(92, 2, 4, 0x30, '2006-11-15'),
(112, 3, 4, 0x30, '2006-11-26'),
(115, 15, 4, 0x30, '2006-09-14'),
(38, 2, 2, 0x30, '2006-12-06'),
(85, 12, 3, 0x30, '2006-12-08'),
(86, 5, 4, 0x31, '2006-09-11'),
(191, 8, 3, 0x31, '2006-10-20'),
(65, 3, 5, 0x30, '2006-10-12'),
(185, 4, 4, 0x30, '2006-10-19'),
(21, 8, 5, 0x30, '2006-12-07'),
(271, 13, 1, 0x30, '2006-11-02'),
(173, 11, 5, 0x30, '2006-12-07'),
(238, 1, 3, 0x30, '2006-09-11'),
(19, 3, 2, 0x30, '2006-11-12'),
(296, 2, 3, 0x30, '2006-12-06'),
(196, 8, 4, 0x31, '2006-09-27'),
(218, 13, 4, 0x30, '2006-09-30'),
(90, 14, 2, 0x30, '2006-09-14'),
(7, 5, 2, 0x30, '2006-09-12'),
(194, 5, 4, 0x30, '2006-10-02'),
(286, 14, 4, 0x31, '2006-10-17'),
(106, 13, 1, 0x30, '2006-12-04'),
(25, 6, 1, 0x31, '2006-10-12'),
(16, 12, 4, 0x30, '2006-10-19'),
(36, 2, 1, 0x31, '2006-11-12'),
(135, 14, 3, 0x30, '2006-10-21'),
(201, 8, 3, 0x31, '2006-09-26'),
(202, 2, 2, 0x31, '2006-11-16'),
(88, 10, 1, 0x30, '2006-11-22'),
(122, 11, 5, 0x31, '2006-11-21'),
(101, 2, 4, 0x30, '2006-10-30'),
(230, 9, 3, 0x30, '2006-09-16'),
(273, 8, 5, 0x30, '2006-10-27'),
(201, 15, 4, 0x30, '2006-10-19'),
(142, 7, 3, 0x30, '2006-10-24'),
(266, 6, 3, 0x30, '2006-12-09'),
(126, 5, 2, 0x31, '2006-09-11'),
(251, 16, 1, 0x31, '2006-11-16'),
(212, 5, 4, 0x30, '2006-10-16'),
(33, 4, 5, 0x30, '2006-10-10'),
(175, 9, 5, 0x30, '2006-10-18'),
(89, 14, 3, 0x31, '2006-11-24'),
(82, 14, 1, 0x30, '2006-11-28'),
(164, 4, 5, 0x30, '2006-12-06'),
(119, 1, 4, 0x30, '2006-10-13'),
(269, 7, 2, 0x30, '2006-12-07'),
(48, 2, 3, 0x30, '2006-09-24'),
(75, 3, 5, 0x30, '2006-11-13'),
(35, 9, 4, 0x31, '2006-10-16'),
(240, 3, 4, 0x30, '2006-09-18'),
(197, 8, 4, 0x30, '2006-11-02'),
(156, 4, 5, 0x30, '2006-09-15'),
(266, 15, 5, 0x30, '2006-09-15'),
(277, 14, 5, 0x30, '2006-10-31'),
(188, 1, 1, 0x30, '2006-10-22'),
(73, 2, 2, 0x30, '2006-11-24'),
(144, 4, 1, 0x31, '2006-12-10'),
(131, 3, 5, 0x30, '2006-10-25'),
(297, 2, 1, 0x30, '2006-09-23'),
(161, 15, 3, 0x30, '2006-11-13'),
(216, 9, 2, 0x30, '2006-10-31'),
(171, 2, 1, 0x30, '2006-11-11'),
(46, 8, 3, 0x31, '2006-12-09'),
(83, 2, 2, 0x31, '2006-10-13'),
(180, 15, 2, 0x30, '2006-11-30'),
(253, 14, 3, 0x30, '2006-10-06'),
(2, 15, 5, 0x30, '2006-10-21'),
(206, 3, 2, 0x31, '2006-10-29'),
(297, 10, 1, 0x30, '2006-09-26'),
(10, 15, 4, 0x31, '2006-11-13'),
(136, 2, 2, 0x30, '2006-10-27'),
(49, 14, 3, 0x31, '2006-12-05'),
(116, 7, 4, 0x30, '2006-11-28'),
(188, 8, 1, 0x31, '2006-12-01'),
(72, 9, 1, 0x30, '2006-10-03'),
(60, 9, 4, 0x30, '2006-11-23'),
(291, 1, 1, 0x31, '2006-11-30'),
(136, 6, 5, 0x31, '2006-10-26'),
(84, 5, 3, 0x30, '2006-11-18'),
(284, 15, 2, 0x30, '2006-12-04'),
(68, 5, 1, 0x30, '2006-11-11'),
(67, 14, 5, 0x30, '2006-09-17'),
(43, 6, 2, 0x30, '2006-09-20'),
(226, 7, 1, 0x30, '2006-10-15'),
(110, 7, 4, 0x31, '2006-11-27'),
(204, 11, 5, 0x30, '2006-09-16'),
(85, 6, 3, 0x30, '2006-10-22'),
(291, 5, 3, 0x31, '2006-11-11'),
(2, 16, 1, 0x30, '2006-10-05'),
(126, 6, 2, 0x30, '2006-09-13'),
(169, 9, 1, 0x30, '2006-10-20'),
(183, 3, 5, 0x30, '2006-11-15'),
(69, 5, 1, 0x30, '2006-09-23'),
(124, 12, 3, 0x31, '2006-09-24'),
(6, 11, 1, 0x31, '2006-12-09'),
(173, 6, 2, 0x31, '2006-11-11'),
(100, 12, 2, 0x31, '2006-12-01'),
(78, 3, 4, 0x30, '2006-11-25'),
(24, 15, 5, 0x31, '2006-09-24'),
(269, 7, 1, 0x30, '2006-10-11'),
(296, 3, 3, 0x31, '2006-11-30'),
(38, 8, 1, 0x30, '2006-09-22'),
(90, 13, 5, 0x30, '2006-09-21'),
(17, 15, 5, 0x30, '2006-11-07'),
(6, 2, 1, 0x30, '2006-09-18'),
(289, 2, 4, 0x30, '2006-09-15'),
(32, 2, 2, 0x31, '2006-10-29'),
(225, 15, 4, 0x31, '2006-10-17'),
(222, 14, 4, 0x30, '2006-09-18'),
(81, 4, 3, 0x31, '2006-11-14'),
(142, 14, 4, 0x30, '2006-09-30'),
(65, 7, 1, 0x30, '2006-10-18'),
(34, 16, 2, 0x30, '2006-09-23'),
(181, 13, 2, 0x30, '2006-11-04'),
(189, 9, 3, 0x30, '2006-09-27'),
(229, 7, 2, 0x31, '2006-10-17'),
(246, 2, 2, 0x31, '2006-10-01'),
(16, 16, 2, 0x31, '2006-11-12'),
(9, 13, 4, 0x30, '2006-11-04'),
(211, 5, 1, 0x30, '2006-10-12'),
(211, 16, 2, 0x30, '2006-09-16'),
(79, 9, 2, 0x30, '2006-12-03'),
(163, 14, 1, 0x30, '2006-09-14'),
(206, 12, 4, 0x30, '2006-09-27'),
(144, 15, 3, 0x31, '2006-09-24'),
(121, 8, 4, 0x30, '2006-10-19'),
(50, 13, 4, 0x31, '2006-10-07'),
(52, 5, 3, 0x31, '2006-10-13'),
(62, 11, 5, 0x30, '2006-11-07'),
(283, 4, 4, 0x31, '2006-09-16'),
(55, 3, 5, 0x30, '2006-09-18'),
(165, 7, 1, 0x30, '2006-12-07'),
(12, 11, 5, 0x31, '2006-09-28'),
(172, 13, 2, 0x31, '2006-09-19'),
(87, 8, 2, 0x30, '2006-10-24'),
(299, 11, 5, 0x31, '2006-10-16'),
(221, 16, 4, 0x30, '2006-11-03'),
(190, 8, 5, 0x30, '2006-12-01'),
(153, 9, 5, 0x30, '2006-10-23'),
(120, 1, 1, 0x30, '2006-09-28'),
(266, 3, 5, 0x30, '2006-09-24'),
(77, 12, 4, 0x31, '2006-11-10'),
(174, 2, 1, 0x30, '2006-10-01'),
(93, 4, 3, 0x30, '2006-10-17'),
(290, 3, 4, 0x30, '2006-10-14'),
(250, 13, 1, 0x30, '2006-11-01'),
(73, 1, 1, 0x30, '2006-10-14'),
(184, 1, 5, 0x31, '2006-11-04'),
(9, 15, 3, 0x30, '2006-10-15'),
(170, 3, 1, 0x31, '2006-10-13'),
(29, 1, 5, 0x31, '2006-09-29'),
(274, 3, 2, 0x30, '2006-11-15'),
(121, 8, 1, 0x31, '2006-10-10'),
(214, 15, 1, 0x31, '2006-10-28'),
(2, 2, 3, 0x31, '2006-12-09'),
(54, 11, 3, 0x30, '2006-11-09'),
(215, 3, 2, 0x31, '2006-11-13'),
(155, 8, 4, 0x31, '2006-10-01'),
(115, 5, 4, 0x30, '2006-11-20'),
(144, 3, 5, 0x30, '2006-10-14'),
(145, 1, 5, 0x30, '2006-10-20'),
(285, 6, 2, 0x31, '2006-11-08'),
(146, 16, 5, 0x30, '2006-10-11'),
(88, 4, 2, 0x30, '2006-12-01'),
(106, 4, 5, 0x30, '2006-12-05'),
(10, 16, 5, 0x30, '2006-11-15'),
(128, 1, 1, 0x31, '2006-11-15'),
(60, 14, 4, 0x31, '2006-09-12'),
(139, 5, 3, 0x31, '2006-09-17'),
(217, 6, 1, 0x30, '2006-09-19'),
(145, 13, 5, 0x31, '2006-11-28'),
(243, 15, 1, 0x30, '2006-11-03'),
(191, 5, 4, 0x30, '2006-11-13'),
(254, 12, 1, 0x30, '2006-10-23'),
(289, 4, 2, 0x30, '2006-10-08'),
(275, 2, 2, 0x31, '2006-09-26'),
(276, 12, 3, 0x30, '2006-10-24'),
(161, 5, 3, 0x30, '2006-10-24'),
(238, 12, 2, 0x31, '2006-10-21'),
(266, 1, 1, 0x30, '2006-09-15'),
(246, 11, 3, 0x30, '2006-12-01'),
(183, 12, 3, 0x31, '2006-09-14'),
(207, 11, 5, 0x30, '2006-10-13'),
(93, 16, 4, 0x30, '2006-11-21'),
(211, 9, 2, 0x30, '2006-11-19'),
(24, 2, 2, 0x30, '2006-09-29'),
(111, 2, 2, 0x30, '2006-11-19'),
(167, 16, 2, 0x30, '2006-09-30'),
(272, 1, 5, 0x30, '2006-10-14'),
(162, 3, 4, 0x30, '2006-11-23'),
(111, 15, 1, 0x31, '2006-09-27'),
(277, 9, 5, 0x30, '2006-10-28'),
(270, 4, 1, 0x30, '2006-10-20'),
(20, 15, 5, 0x31, '2006-11-14'),
(79, 15, 3, 0x30, '2006-10-19'),
(228, 4, 5, 0x30, '2006-09-25'),
(271, 11, 4, 0x30, '2006-09-24'),
(281, 6, 4, 0x30, '2006-10-04'),
(86, 16, 3, 0x30, '2006-12-08'),
(299, 3, 5, 0x30, '2006-10-09'),
(97, 13, 5, 0x30, '2006-10-24'),
(17, 15, 5, 0x30, '2006-11-28'),
(237, 15, 4, 0x30, '2006-10-28'),
(5, 2, 4, 0x30, '2006-11-24'),
(259, 7, 2, 0x30, '2006-12-09'),
(196, 2, 5, 0x30, '2006-09-28'),
(62, 11, 3, 0x30, '2006-10-23'),
(16, 1, 5, 0x30, '2006-09-17'),
(301, 12, 3, 0x30, '2006-09-16'),
(228, 6, 5, 0x30, '2006-09-18'),
(71, 9, 2, 0x30, '2006-10-03'),
(82, 8, 3, 0x31, '2006-12-08'),
(266, 16, 1, 0x30, '2006-11-04'),
(133, 11, 3, 0x31, '2006-11-14'),
(299, 16, 3, 0x30, '2006-11-27'),
(272, 12, 4, 0x30, '2006-11-06'),
(301, 5, 2, 0x30, '2006-10-07'),
(129, 1, 1, 0x31, '2006-10-14'),
(88, 9, 4, 0x30, '2006-11-13'),
(39, 15, 4, 0x30, '2006-09-26'),
(90, 9, 2, 0x30, '2006-09-20'),
(272, 11, 1, 0x30, '2006-10-18'),
(266, 2, 4, 0x31, '2006-09-25'),
(253, 15, 3, 0x30, '2006-10-29'),
(160, 5, 1, 0x30, '2006-11-11'),
(293, 3, 2, 0x31, '2006-11-03'),
(57, 11, 3, 0x30, '2006-10-15'),
(46, 2, 5, 0x31, '2006-09-14'),
(80, 11, 3, 0x30, '2006-11-04'),
(218, 9, 1, 0x31, '2006-09-18'),
(224, 15, 3, 0x30, '2006-10-12'),
(116, 16, 3, 0x30, '2006-10-14'),
(289, 12, 1, 0x30, '2006-12-04'),
(40, 10, 4, 0x30, '2006-11-18'),
(64, 7, 5, 0x30, '2006-11-30'),
(198, 12, 1, 0x31, '2006-10-23'),
(228, 15, 2, 0x30, '2006-11-03'),
(217, 4, 4, 0x31, '2006-12-03'),
(287, 13, 5, 0x30, '2006-09-20'),
(86, 11, 4, 0x30, '2006-10-28'),
(220, 3, 2, 0x30, '2006-10-23'),
(68, 4, 5, 0x31, '2006-09-21'),
(24, 12, 2, 0x30, '2006-10-20'),
(297, 12, 1, 0x30, '2006-10-22'),
(272, 13, 2, 0x30, '2006-11-22'),
(59, 12, 4, 0x30, '2006-10-29'),
(273, 16, 3, 0x31, '2006-12-06'),
(86, 10, 5, 0x31, '2006-11-16'),
(295, 2, 4, 0x30, '2006-09-28'),
(191, 12, 1, 0x30, '2006-09-22'),
(231, 9, 5, 0x30, '2006-11-24'),
(9, 14, 1, 0x30, '2006-10-26'),
(90, 15, 4, 0x30, '2006-10-29'),
(65, 1, 4, 0x30, '2006-10-19'),
(228, 15, 5, 0x30, '2006-09-20'),
(83, 7, 3, 0x30, '2006-10-01'),
(226, 9, 2, 0x30, '2006-09-24'),
(247, 9, 5, 0x31, '2006-10-15'),
(159, 15, 1, 0x30, '2006-10-18'),
(77, 12, 1, 0x31, '2006-10-17'),
(216, 13, 4, 0x31, '2006-11-04'),
(145, 15, 4, 0x30, '2006-11-28'),
(100, 8, 4, 0x31, '2006-11-10'),
(173, 9, 4, 0x30, '2006-11-30'),
(100, 10, 3, 0x31, '2006-09-11'),
(99, 12, 5, 0x30, '2006-09-26'),
(7, 6, 4, 0x31, '2006-10-03'),
(179, 4, 5, 0x31, '2006-11-11'),
(151, 15, 5, 0x30, '2006-10-29'),
(41, 9, 3, 0x30, '2006-11-29'),
(181, 8, 2, 0x30, '2006-11-04'),
(79, 2, 1, 0x31, '2006-10-22'),
(230, 10, 5, 0x30, '2006-11-24'),
(274, 13, 1, 0x31, '2006-10-11'),
(198, 1, 1, 0x30, '2006-11-27'),
(267, 12, 3, 0x31, '2006-11-01'),
(23, 11, 5, 0x31, '2006-09-27'),
(13, 14, 1, 0x30, '2006-10-22'),
(293, 10, 3, 0x30, '2006-11-02'),
(73, 11, 4, 0x30, '2006-10-15'),
(91, 2, 4, 0x30, '2006-10-07'),
(269, 15, 4, 0x31, '2006-10-16'),
(116, 12, 3, 0x31, '2006-10-12'),
(46, 4, 5, 0x30, '2006-12-02'),
(83, 5, 3, 0x30, '2006-10-19'),
(242, 12, 3, 0x30, '2006-10-31'),
(195, 6, 2, 0x30, '2006-09-18'),
(291, 5, 1, 0x31, '2006-11-30'),
(63, 11, 2, 0x31, '2006-09-29'),
(237, 1, 4, 0x30, '2006-11-20'),
(271, 13, 1, 0x30, '2006-10-21'),
(181, 1, 5, 0x30, '2006-10-22'),
(194, 8, 2, 0x30, '2006-11-03'),
(203, 5, 3, 0x30, '2006-09-15'),
(45, 12, 3, 0x30, '2006-11-19'),
(201, 8, 2, 0x31, '2006-12-02'),
(42, 6, 4, 0x30, '2006-11-05'),
(288, 1, 5, 0x30, '2006-11-20'),
(105, 7, 3, 0x30, '2006-10-17'),
(40, 15, 3, 0x30, '2006-10-26'),
(185, 7, 5, 0x31, '2006-10-21'),
(108, 10, 4, 0x30, '2006-10-08'),
(288, 7, 2, 0x31, '2006-10-31'),
(167, 5, 4, 0x30, '2006-12-02'),
(1, 15, 5, 0x31, '2006-12-07'),
(196, 5, 2, 0x30, '2006-10-11'),
(40, 8, 2, 0x30, '2006-11-03'),
(176, 1, 1, 0x30, '2006-11-07'),
(225, 11, 2, 0x30, '2006-11-30'),
(196, 16, 1, 0x30, '2006-09-29'),
(186, 10, 4, 0x30, '2006-11-07'),
(263, 15, 2, 0x30, '2006-09-30'),
(178, 6, 5, 0x30, '2006-10-13'),
(156, 10, 4, 0x31, '2006-11-01'),
(256, 8, 4, 0x30, '2006-10-28'),
(171, 3, 5, 0x30, '2006-12-01'),
(265, 13, 1, 0x30, '2006-11-28'),
(231, 4, 2, 0x30, '2006-09-15'),
(97, 5, 4, 0x30, '2006-10-03'),
(28, 3, 2, 0x30, '2006-10-19'),
(45, 1, 1, 0x31, '2006-11-30'),
(133, 3, 5, 0x30, '2006-10-07'),
(294, 2, 3, 0x30, '2006-12-04'),
(52, 10, 3, 0x31, '2006-10-30'),
(133, 3, 1, 0x31, '2006-11-08'),
(103, 7, 3, 0x30, '2006-10-06'),
(49, 16, 2, 0x30, '2006-12-10'),
(277, 11, 5, 0x30, '2006-11-26'),
(282, 7, 4, 0x30, '2006-12-09'),
(281, 8, 1, 0x30, '2006-11-17'),
(89, 3, 4, 0x30, '2006-12-01'),
(157, 5, 3, 0x30, '2006-12-05'),
(38, 10, 2, 0x30, '2006-10-08'),
(104, 7, 5, 0x31, '2006-10-30'),
(178, 6, 1, 0x30, '2006-12-03'),
(144, 13, 3, 0x30, '2006-09-25'),
(118, 15, 4, 0x30, '2006-12-06'),
(80, 1, 5, 0x30, '2006-11-12'),
(267, 3, 3, 0x31, '2006-12-08'),
(282, 14, 5, 0x31, '2006-10-15'),
(178, 12, 5, 0x30, '2006-11-17'),
(13, 8, 2, 0x30, '2006-12-05'),
(117, 1, 1, 0x30, '2006-10-21'),
(109, 16, 4, 0x30, '2006-10-04'),
(77, 5, 4, 0x31, '2006-12-03'),
(183, 3, 4, 0x30, '2006-10-29'),
(116, 11, 3, 0x30, '2006-11-10'),
(258, 10, 1, 0x31, '2006-10-24'),
(143, 2, 5, 0x31, '2006-10-02'),
(44, 11, 1, 0x30, '2006-12-02'),
(43, 11, 4, 0x31, '2006-11-07'),
(216, 1, 2, 0x31, '2006-11-17'),
(39, 12, 4, 0x30, '2006-12-08'),
(117, 6, 3, 0x30, '2006-09-25'),
(286, 14, 1, 0x30, '2006-10-26'),
(148, 7, 4, 0x30, '2006-10-24'),
(92, 12, 3, 0x31, '2006-09-30'),
(274, 3, 4, 0x30, '2006-11-07'),
(118, 16, 2, 0x30, '2006-10-14'),
(300, 7, 3, 0x30, '2006-09-30'),
(21, 15, 2, 0x30, '2006-10-21'),
(297, 9, 1, 0x30, '2006-11-10'),
(94, 4, 2, 0x30, '2006-10-10'),
(118, 1, 4, 0x31, '2006-09-17'),
(98, 14, 2, 0x30, '2006-09-21'),
(250, 4, 5, 0x30, '2006-11-18'),
(272, 5, 5, 0x30, '2006-11-17'),
(207, 11, 2, 0x30, '2006-09-19'),
(106, 8, 5, 0x30, '2006-10-29'),
(261, 5, 4, 0x30, '2006-11-27'),
(198, 14, 1, 0x31, '2006-11-20'),
(253, 2, 3, 0x30, '2006-11-23'),
(221, 14, 1, 0x31, '2006-11-26'),
(25, 6, 4, 0x31, '2006-11-03'),
(133, 7, 3, 0x30, '2006-11-30'),
(297, 13, 3, 0x30, '2006-10-14'),
(206, 16, 1, 0x30, '2006-09-29'),
(170, 2, 4, 0x30, '2006-12-03'),
(29, 12, 1, 0x31, '2006-11-01'),
(141, 4, 3, 0x30, '2006-10-03'),
(98, 14, 2, 0x31, '2006-11-05'),
(221, 5, 4, 0x30, '2006-10-24'),
(248, 12, 3, 0x31, '2006-09-20'),
(54, 6, 3, 0x30, '2006-10-04'),
(38, 16, 2, 0x30, '2006-09-22'),
(264, 10, 4, 0x30, '2006-12-05'),
(286, 11, 2, 0x30, '2006-09-19'),
(39, 6, 5, 0x30, '2006-09-23'),
(95, 2, 1, 0x30, '2006-10-31'),
(128, 5, 1, 0x31, '2006-11-12'),
(252, 15, 5, 0x30, '2006-09-11'),
(127, 10, 2, 0x30, '2006-11-27'),
(96, 14, 1, 0x30, '2006-09-26'),
(236, 9, 5, 0x30, '2006-11-20'),
(251, 16, 2, 0x31, '2006-10-21'),
(234, 10, 5, 0x31, '2006-10-19'),
(110, 12, 4, 0x30, '2006-10-12'),
(287, 2, 3, 0x30, '2006-11-19'),
(26, 16, 3, 0x30, '2006-12-05'),
(273, 16, 5, 0x31, '2006-12-04'),
(200, 12, 3, 0x30, '2006-10-24'),
(215, 5, 1, 0x30, '2006-12-01'),
(79, 10, 2, 0x30, '2006-09-26'),
(282, 6, 2, 0x30, '2006-09-28'),
(53, 15, 4, 0x31, '2006-09-19'),
(120, 8, 4, 0x31, '2006-10-14'),
(200, 4, 5, 0x31, '2006-09-28'),
(269, 12, 4, 0x30, '2006-10-11'),
(110, 5, 4, 0x31, '2006-11-15'),
(84, 8, 5, 0x31, '2006-10-01'),
(236, 7, 5, 0x30, '2006-10-11'),
(16, 9, 4, 0x30, '2006-10-26'),
(26, 7, 2, 0x31, '2006-11-09'),
(41, 8, 2, 0x30, '2006-09-14'),
(161, 9, 2, 0x30, '2006-11-06'),
(152, 14, 5, 0x31, '2006-11-25'),
(211, 5, 3, 0x30, '2006-11-20'),
(30, 3, 2, 0x31, '2006-09-19'),
(14, 3, 3, 0x30, '2006-09-22'),
(7, 4, 1, 0x30, '2006-11-03'),
(25, 3, 5, 0x31, '2006-10-31'),
(231, 5, 3, 0x31, '2006-11-17'),
(41, 6, 2, 0x31, '2006-11-24'),
(139, 11, 5, 0x31, '2006-09-19'),
(139, 15, 3, 0x30, '2006-10-17'),
(295, 2, 2, 0x30, '2006-10-17'),
(112, 5, 5, 0x30, '2006-12-01'),
(67, 10, 4, 0x31, '2006-11-10'),
(14, 13, 4, 0x30, '2006-11-02'),
(239, 3, 4, 0x31, '2006-10-27'),
(143, 15, 1, 0x30, '2006-11-13'),
(80, 14, 5, 0x31, '2006-10-08'),
(265, 8, 3, 0x30, '2006-10-24'),
(186, 1, 4, 0x30, '2006-11-12'),
(124, 15, 1, 0x30, '2006-11-21'),
(129, 14, 2, 0x30, '2006-12-07'),
(149, 5, 4, 0x30, '2006-10-22'),
(100, 8, 3, 0x31, '2006-10-20'),
(60, 10, 2, 0x30, '2006-10-29'),
(21, 11, 3, 0x30, '2006-11-27'),
(241, 10, 3, 0x30, '2006-10-19'),
(202, 14, 2, 0x30, '2006-10-24'),
(242, 12, 4, 0x30, '2006-11-04'),
(1, 5, 1, 0x30, '2006-09-13'),
(72, 5, 4, 0x31, '2006-10-10'),
(32, 14, 3, 0x31, '2006-10-04'),
(69, 14, 2, 0x31, '2006-09-19'),
(265, 3, 1, 0x31, '2006-11-23'),
(139, 4, 4, 0x30, '2006-10-03'),
(120, 2, 4, 0x30, '2006-09-16'),
(27, 4, 1, 0x30, '2006-10-31'),
(76, 1, 1, 0x30, '2006-11-14'),
(54, 12, 5, 0x30, '2006-12-01'),
(280, 8, 2, 0x30, '2006-11-27'),
(233, 6, 2, 0x31, '2006-10-19'),
(26, 3, 4, 0x30, '2006-11-20'),
(210, 10, 3, 0x30, '2006-10-02'),
(57, 7, 2, 0x31, '2006-10-09'),
(216, 14, 2, 0x30, '2006-10-28'),
(231, 6, 5, 0x30, '2006-09-23'),
(1, 12, 5, 0x31, '2006-10-26'),
(233, 2, 5, 0x30, '2006-11-14'),
(125, 16, 1, 0x30, '2006-10-23'),
(257, 9, 1, 0x31, '2006-10-01'),
(185, 7, 1, 0x30, '2006-10-26'),
(180, 16, 3, 0x30, '2006-09-22'),
(52, 4, 5, 0x30, '2006-09-16'),
(215, 1, 2, 0x31, '2006-10-22'),
(298, 16, 2, 0x30, '2006-09-12'),
(179, 1, 1, 0x31, '2006-11-08'),
(152, 6, 2, 0x30, '2006-11-09'),
(74, 1, 3, 0x30, '2006-10-22'),
(136, 14, 4, 0x30, '2006-09-12'),
(301, 2, 1, 0x31, '2006-11-24'),
(235, 14, 2, 0x30, '2006-09-13'),
(78, 9, 2, 0x31, '2006-10-19'),
(222, 10, 4, 0x30, '2006-09-20'),
(13, 4, 5, 0x30, '2006-09-14'),
(223, 4, 5, 0x30, '2006-10-24'),
(130, 1, 3, 0x30, '2006-09-22'),
(112, 1, 3, 0x31, '2006-10-11'),
(52, 4, 4, 0x31, '2006-09-11'),
(124, 16, 1, 0x30, '2006-10-05'),
(189, 16, 4, 0x31, '2006-11-13'),
(76, 6, 5, 0x30, '2006-10-31'),
(126, 3, 5, 0x30, '2006-11-06'),
(125, 9, 1, 0x30, '2006-11-18'),
(63, 5, 1, 0x30, '2006-11-28'),
(37, 8, 5, 0x30, '2006-12-08'),
(62, 10, 2, 0x30, '2006-09-21'),
(209, 11, 3, 0x31, '2006-09-20'),
(20, 6, 4, 0x31, '2006-09-14'),
(136, 4, 1, 0x30, '2006-09-14'),
(31, 4, 1, 0x30, '2006-09-25'),
(37, 5, 2, 0x30, '2006-09-11'),
(85, 8, 3, 0x30, '2006-09-26'),
(276, 14, 5, 0x30, '2006-11-28'),
(163, 1, 2, 0x30, '2006-10-21'),
(197, 15, 3, 0x31, '2006-11-10'),
(263, 13, 5, 0x30, '2006-11-29'),
(233, 13, 2, 0x31, '2006-11-26'),
(244, 13, 5, 0x30, '2006-09-19'),
(204, 13, 5, 0x30, '2006-09-30'),
(4, 11, 1, 0x31, '2006-12-05'),
(214, 10, 3, 0x31, '2006-09-23'),
(264, 16, 3, 0x30, '2006-10-13'),
(59, 15, 4, 0x31, '2006-11-23'),
(242, 4, 2, 0x31, '2006-11-27'),
(67, 12, 5, 0x30, '2006-12-03'),
(28, 3, 1, 0x30, '2006-12-01'),
(145, 4, 1, 0x30, '2006-09-22'),
(257, 1, 4, 0x30, '2006-11-26'),
(255, 10, 5, 0x30, '2006-12-04'),
(240, 4, 2, 0x30, '2006-10-07'),
(258, 1, 1, 0x31, '2006-10-25'),
(265, 6, 3, 0x30, '2006-12-05'),
(105, 10, 3, 0x31, '2006-09-27'),
(103, 3, 4, 0x31, '2006-10-18'),
(244, 1, 2, 0x30, '2006-12-04'),
(54, 2, 3, 0x30, '2006-10-19'),
(99, 16, 4, 0x30, '2006-11-20'),
(220, 3, 4, 0x30, '2006-10-07'),
(105, 11, 3, 0x30, '2006-10-15'),
(112, 4, 1, 0x31, '2006-10-04'),
(56, 11, 4, 0x30, '2006-10-19'),
(191, 10, 5, 0x30, '2006-11-28'),
(64, 9, 5, 0x30, '2006-11-16'),
(20, 14, 4, 0x31, '2006-10-10'),
(41, 13, 5, 0x30, '2006-11-07'),
(228, 7, 5, 0x31, '2006-09-20'),
(125, 2, 3, 0x31, '2006-10-09'),
(10, 11, 3, 0x30, '2006-09-13'),
(110, 12, 5, 0x31, '2006-10-04'),
(115, 4, 2, 0x30, '2006-10-07'),
(214, 5, 4, 0x31, '2006-11-11'),
(17, 13, 4, 0x30, '2006-12-06'),
(286, 6, 5, 0x30, '2006-10-16'),
(200, 3, 2, 0x30, '2006-11-01'),
(261, 8, 2, 0x30, '2006-10-09'),
(90, 16, 5, 0x30, '2006-11-26'),
(93, 9, 1, 0x30, '2006-11-25'),
(274, 7, 5, 0x30, '2006-10-02'),
(28, 7, 5, 0x31, '2006-09-28'),
(259, 12, 2, 0x30, '2006-09-26'),
(271, 12, 3, 0x31, '2006-11-15'),
(79, 2, 2, 0x30, '2006-11-07'),
(77, 9, 4, 0x31, '2006-10-26'),
(267, 9, 2, 0x30, '2006-11-30'),
(271, 7, 5, 0x30, '2006-11-06'),
(260, 3, 4, 0x30, '2006-11-02'),
(110, 13, 5, 0x30, '2006-09-24'),
(66, 16, 1, 0x30, '2006-09-27'),
(143, 3, 2, 0x30, '2006-09-26'),
(99, 4, 3, 0x30, '2006-09-11'),
(35, 2, 5, 0x30, '2006-10-13'),
(177, 7, 1, 0x30, '2006-10-21'),
(243, 16, 4, 0x30, '2006-10-22'),
(180, 14, 2, 0x30, '2006-12-03'),
(72, 12, 1, 0x30, '2006-10-28'),
(72, 11, 5, 0x31, '2006-10-05'),
(38, 10, 2, 0x30, '2006-11-14'),
(87, 12, 1, 0x30, '2006-11-03'),
(281, 2, 2, 0x30, '2006-10-14'),
(173, 3, 3, 0x30, '2006-11-24'),
(239, 9, 3, 0x30, '2006-11-10'),
(126, 5, 5, 0x30, '2006-10-07'),
(79, 16, 2, 0x31, '2006-09-29'),
(173, 12, 4, 0x30, '2006-09-30'),
(3, 16, 3, 0x31, '2006-09-29'),
(2, 7, 2, 0x30, '2006-09-20'),
(40, 11, 2, 0x30, '2006-10-23'),
(18, 4, 2, 0x30, '2006-09-15'),
(196, 13, 1, 0x30, '2006-10-27'),
(63, 8, 1, 0x30, '2006-11-07'),
(88, 3, 3, 0x31, '2006-11-26'),
(295, 10, 3, 0x31, '2006-11-10'),
(300, 11, 5, 0x30, '2006-11-23');


CREATE TABLE `tantargyak` (
  `TID` int(11) NOT NULL,
  `Tantargy` varchar(50) COLLATE utf8_hungarian_ci NOT NULL
) ENGINE=InnoDB DEFAULT CHARSET=utf8 COLLATE=utf8_hungarian_ci;


INSERT INTO `tantargyak` (`TID`, `Tantargy`) VALUES
(1, 'Biológia'),
(2, 'Ember és társadalom'),
(3, 'Ének-zene'),
(4, 'Fizika'),
(5, 'Földrajz'),
(6, 'Idegennyelv'),
(7, 'Informatika'),
(8, 'Irodalom'),
(9, 'Kémia'),
(10, 'Magyar nyelv'),
(11, 'Matematika'),
(12, 'Rajz és vizuális kultúra'),
(13, 'Helyünk a világban'),
(14, 'Környezetvédelem'),
(15, 'Testnevelés'),
(16, 'Történelem');

ALTER TABLE `diakok`
  ADD PRIMARY KEY (`DID`);

ALTER TABLE `tantargyak`
  ADD PRIMARY KEY (`TID`);