-- phpMyAdmin SQL Dump
-- version 2.11.6
-- http://www.phpmyadmin.net
--
-- Hoszt: localhost
-- Létrehozás ideje: 2017. Márc 27. 10:10
-- Szerver verzió: 5.0.51
-- PHP Verzió: 5.2.6

SET SQL_MODE="NO_AUTO_VALUE_ON_ZERO";

--
-- Adatbázis: `foldrajzalap`
--

-- --------------------------------------------------------

--
-- Tábla szerkezet: `hasznalt_nyelvek`
--

CREATE TABLE `hasznalt_nyelvek` (
  `orszagkod` int(11) NOT NULL,
  `nyelvkod` int(11) NOT NULL,
  `hivatalos_e` varchar(10) NOT NULL
) ENGINE=InnoDB DEFAULT CHARSET=latin1;

--
-- Tábla adatok: `hasznalt_nyelvek`
--

INSERT INTO `hasznalt_nyelvek` (`orszagkod`, `nyelvkod`, `hivatalos_e`) VALUES
(1, 1, 'igen'),
(2, 42, 'igen'),
(3, 5, 'igen'),
(4, 3, 'igen'),
(5, 42, 'igen'),
(5, 4, 'nem'),
(5, 106, 'nem'),
(6, 4, 'igen'),
(6, 9, 'igen'),
(7, 57, 'igen'),
(8, 10, 'igen'),
(9, 37, 'igen'),
(9, 107, 'nem'),
(10, 11, 'igen'),
(11, 3, 'igen'),
(11, 127, 'nem'),
(12, 4, 'igen'),
(12, 44, 'igen'),
(13, 14, 'igen'),
(14, 62, 'igen'),
(14, 24, 'nem'),
(15, 15, 'igen'),
(16, 60, 'igen'),
(17, 8, 'nem'),
(17, 16, 'igen'),
(18, 42, 'igen'),
(18, 4, 'igen'),
(19, 4, 'igen'),
(19, 52, 'igen'),
(20, 2, 'igen'),
(20, 3, 'nem'),
(20, 4, 'nem'),
(21, 42, 'igen'),
(21, 105, 'nem'),
(22, 6, 'igen'),
(23, 42, 'igen'),
(23, 64, 'igen'),
(24, 7, 'igen'),
(24, 8, 'nem'),
(25, 3, 'igen'),
(26, 4, 'igen'),
(26, 42, 'igen'),
(26, 112, 'nem'),
(26, 113, 'nem'),
(27, 65, 'igen'),
(28, 12, 'igen'),
(28, 13, 'igen'),
(29, 67, 'igen'),
(29, 8, 'nem'),
(30, 17, 'igen'),
(30, 18, 'igen'),
(30, 98, 'nem'),
(31, 3, 'igen'),
(32, 42, 'igen'),
(33, 12, 'igen'),
(34, 42, 'igen'),
(35, 21, 'igen'),
(36, 3, 'igen'),
(36, 127, 'nem'),
(37, 23, 'igen'),
(37, 24, 'igen'),
(38, 68, 'igen'),
(39, 26, 'igen'),
(40, 42, 'igen'),
(41, 19, 'igen'),
(41, 8, 'nem'),
(42, 47, 'igen'),
(43, 28, 'igen'),
(43, 8, 'nem'),
(44, 70, 'igen'),
(45, 30, 'igen'),
(45, 1, 'nem'),
(46, 24, 'igen'),
(46, 52, 'nem'),
(47, 24, 'igen'),
(47, 32, 'igen'),
(48, 3, 'igen'),
(49, 4, 'igen'),
(49, 35, 'nem'),
(50, 71, 'igen'),
(51, 5, 'igen'),
(52, 24, 'igen'),
(52, 115, 'nem'),
(52, 116, 'nem'),
(53, 35, 'igen'),
(53, 5, 'nem'),
(53, 101, 'nem'),
(54, 73, 'igen'),
(55, 36, 'igen'),
(56, 3, 'igen'),
(57, 33, 'igen'),
(58, 75, 'igen'),
(59, 3, 'igen'),
(59, 2, 'nem'),
(59, 103, 'nem'),
(59, 104, 'nem'),
(60, 4, 'igen'),
(60, 24, 'igen'),
(60, 118, 'nem'),
(60, 119, 'nem'),
(61, 3, 'igen'),
(62, 18, 'igen'),
(62, 17, 'nem'),
(62, 98, 'nem'),
(63, 3, 'igen'),
(63, 96, 'nem'),
(63, 129, 'nem'),
(64, 39, 'igen'),
(64, 35, 'nem'),
(65, 76, 'igen'),
(65, 24, 'nem'),
(66, 40, 'igen'),
(66, 8, 'nem'),
(67, 3, 'igen'),
(67, 128, 'nem'),
(68, 35, 'igen'),
(68, 41, 'igen'),
(69, 48, 'igen'),
(70, 13, 'igen'),
(70, 105, 'nem'),
(71, 79, 'igen'),
(71, 59, 'igen'),
(71, 24, 'igen'),
(71, 78, 'igen'),
(72, 38, 'igen'),
(72, 31, 'nem'),
(73, 3, 'igen'),
(73, 96, 'igen'),
(73, 97, 'igen'),
(74, 35, 'igen'),
(74, 4, 'igen'),
(74, 5, 'igen'),
(75, 42, 'igen'),
(75, 105, 'nem'),
(76, 3, 'igen'),
(76, 128, 'nem'),
(77, 35, 'igen'),
(77, 102, 'nem'),
(78, 24, 'igen'),
(78, 49, 'igen'),
(79, 37, 'igen'),
(80, 68, 'igen'),
(81, 8, 'igen'),
(82, 21, 'igen'),
(83, 34, 'igen'),
(83, 98, 'nem'),
(84, 84, 'igen'),
(85, 24, 'igen'),
(86, 3, 'igen'),
(87, 4, 'igen'),
(87, 50, 'igen'),
(88, 33, 'igen'),
(88, 8, 'nem'),
(89, 77, 'igen'),
(89, 78, 'igen'),
(90, 31, 'igen'),
(91, 3, 'igen'),
(92, 4, 'igen'),
(92, 5, 'igen'),
(92, 29, 'igen'),
(93, 24, 'igen'),
(94, 5, 'igen'),
(95, 4, 'igen'),
(95, 121, 'nem'),
(96, 3, 'igen'),
(97, 27, 'igen'),
(98, 24, 'igen'),
(98, 86, 'igen'),
(99, 25, 'igen'),
(100, 24, 'igen'),
(100, 88, 'igen'),
(101, 22, 'igen'),
(101, 26, 'nem'),
(102, 4, 'igen'),
(102, 123, 'nem'),
(103, 20, 'igen'),
(103, 8, 'nem'),
(104, 24, 'igen'),
(104, 90, 'igen'),
(105, 4, 'igen'),
(105, 99, 'nem'),
(105, 100, 'nem'),
(106, 42, 'igen'),
(107, 24, 'igen'),
(107, 93, 'igen'),
(108, 42, 'igen'),
(108, 106, 'nem'),
(108, 4, 'nem'),
(109, 24, 'igen'),
(109, 94, 'igen'),
(110, 24, 'igen'),
(111, 24, 'igen'),
(112, 24, 'igen'),
(113, 24, 'igen'),
(114, 4, 'igen'),
(115, 24, 'igen'),
(116, 56, 'igen'),
(117, 37, 'igen'),
(117, 108, 'nem'),
(117, 109, 'nem'),
(118, 42, 'igen'),
(119, 24, 'igen'),
(119, 52, 'nem'),
(120, 4, 'igen'),
(120, 114, 'nem'),
(121, 24, 'igen'),
(121, 43, 'igen'),
(122, 55, 'igen'),
(122, 56, 'igen'),
(123, 24, 'igen'),
(124, 24, 'igen'),
(124, 3, 'nem'),
(125, 66, 'igen'),
(126, 24, 'igen'),
(126, 45, 'igen'),
(126, 107, 'nem'),
(127, 42, 'igen'),
(128, 24, 'igen'),
(128, 3, 'nem'),
(129, 3, 'igen'),
(129, 107, 'nem'),
(130, 37, 'igen'),
(131, 24, 'igen'),
(132, 72, 'igen'),
(132, 24, 'nem'),
(133, 4, 'igen'),
(134, 24, 'igen'),
(135, 42, 'igen'),
(135, 4, 'nem'),
(136, 24, 'igen'),
(137, 4, 'igen'),
(137, 110, 'nem'),
(137, 111, 'nem'),
(138, 83, 'igen'),
(138, 8, 'nem'),
(139, 3, 'igen'),
(139, 130, 'nem'),
(140, 42, 'igen'),
(140, 4, 'nem'),
(140, 3, 'nem'),
(140, 106, 'nem'),
(141, 69, 'igen'),
(141, 8, 'nem'),
(142, 24, 'igen'),
(142, 52, 'nem'),
(143, 24, 'igen'),
(143, 85, 'igen'),
(144, 37, 'igen'),
(144, 107, 'nem'),
(145, 63, 'igen'),
(146, 24, 'igen'),
(146, 87, 'igen'),
(147, 42, 'igen'),
(147, 76, 'nem'),
(147, 56, 'nem'),
(148, 42, 'igen'),
(148, 46, 'igen'),
(149, 24, 'igen'),
(149, 126, 'nem'),
(150, 80, 'igen'),
(150, 8, 'nem'),
(151, 42, 'igen'),
(151, 4, 'igen'),
(151, 48, 'nem'),
(152, 24, 'igen'),
(152, 125, 'nem'),
(153, 81, 'igen'),
(154, 52, 'igen'),
(154, 24, 'nem'),
(154, 4, 'nem'),
(155, 24, 'igen'),
(155, 91, 'igen'),
(155, 92, 'igen'),
(156, 42, 'igen'),
(156, 106, 'nem'),
(157, 24, 'igen'),
(157, 91, 'nem'),
(158, 42, 'igen'),
(158, 106, 'nem'),
(158, 3, 'nem'),
(159, 42, 'igen'),
(160, 24, 'igen'),
(160, 120, 'nem'),
(161, 82, 'igen'),
(161, 8, 'nem'),
(162, 42, 'igen'),
(162, 53, 'igen'),
(163, 3, 'igen'),
(164, 4, 'igen'),
(165, 42, 'igen'),
(166, 4, 'igen'),
(166, 51, 'igen'),
(166, 48, 'nem'),
(167, 42, 'igen'),
(167, 116, 'nem'),
(167, 122, 'nem'),
(168, 60, 'igen'),
(169, 24, 'igen'),
(169, 48, 'igen'),
(170, 24, 'igen'),
(171, 59, 'igen'),
(172, 4, 'igen'),
(172, 124, 'nem'),
(173, 24, 'igen'),
(173, 4, 'igen'),
(174, 4, 'igen'),
(175, 61, 'igen'),
(176, 24, 'igen'),
(176, 117, 'nem'),
(177, 37, 'igen'),
(178, 24, 'igen'),
(178, 89, 'igen'),
(179, 24, 'igen'),
(180, 24, 'igen'),
(180, 54, 'igen'),
(181, 58, 'igen'),
(182, 4, 'igen'),
(183, 24, 'igen'),
(184, 4, 'igen'),
(185, 4, 'igen'),
(185, 107, 'nem'),
(186, 24, 'igen'),
(187, 74, 'igen'),
(188, 3, 'igen'),
(188, 96, 'igen'),
(188, 97, 'igen'),
(189, 37, 'igen'),
(190, 24, 'igen'),
(190, 48, 'igen'),
(191, 24, 'igen'),
(192, 4, 'igen'),
(192, 24, 'igen'),
(192, 95, 'igen'),
(193, 24, 'igen');

-- --------------------------------------------------------

--
-- Tábla szerkezet: `nyelvek`
--

CREATE TABLE `nyelvek` (
  `nyelvkod` int(11) NOT NULL,
  `nyelv` varchar(255) NOT NULL,
  PRIMARY KEY  (`nyelvkod`)
) ENGINE=InnoDB DEFAULT CHARSET=latin1;

--
-- Tábla adatok: `nyelvek`
--

INSERT INTO `nyelvek` (`nyelvkod`, `nyelv`) VALUES
(1, 'albán'),
(2, 'katalán'),
(3, 'spanyol'),
(4, 'francia'),
(5, 'német'),
(6, 'azeri'),
(7, 'belarusz'),
(8, 'orosz'),
(9, 'flamand'),
(10, 'szerbhorvát'),
(11, 'bolgár'),
(12, 'görög'),
(13, 'török'),
(14, 'cseh'),
(15, 'dán'),
(16, 'észt'),
(17, 'finn'),
(18, 'svéd'),
(19, 'lett'),
(20, 'grúz'),
(21, 'holland'),
(22, 'horvát'),
(23, 'ír'),
(24, 'angol'),
(25, 'izlandi'),
(26, 'szerb'),
(27, 'lengyel'),
(28, 'litván'),
(29, 'luxemburgi'),
(30, 'macedón'),
(31, 'magyar'),
(32, 'máltai'),
(33, 'román'),
(34, 'norvég'),
(35, 'olasz'),
(36, 'örmény'),
(37, 'portugál'),
(38, 'szlovák'),
(39, 'szlovén'),
(40, 'ukrán'),
(41, 'latin'),
(42, 'arab'),
(43, 'setswana'),
(44, 'kirundi'),
(45, 'afrikaans'),
(46, 'tinginja'),
(47, 'amhara'),
(48, 'szuahéli'),
(49, 'szeszoto'),
(50, 'malgas'),
(51, 'kinyarvanda'),
(52, 'kreol'),
(53, 'szomáli'),
(54, 'szvázi'),
(55, 'pástu'),
(56, 'perzsa'),
(57, 'bengáli'),
(58, 'dzongkha'),
(59, 'maláj'),
(60, 'koreai'),
(61, 'filippino'),
(62, 'hindi'),
(63, 'bahasza indonéz'),
(64, 'ivrit'),
(65, 'japán'),
(66, 'khmer'),
(67, 'kazah'),
(68, 'mandarin kínai'),
(69, 'kirgiz'),
(70, 'lao'),
(71, 'bahasza maláj'),
(72, 'divehi'),
(73, 'mongol'),
(74, 'burmai'),
(75, 'nepáli'),
(76, 'urdu'),
(77, 'szingaléz'),
(78, 'tamil'),
(79, 'kínai'),
(80, 'tádzsik'),
(81, 'thai'),
(82, 'türkmén'),
(83, 'üzbég'),
(84, 'vietnami'),
(85, 'fidzsi'),
(86, 'kiribaTI'),
(87, 'marsalléz'),
(88, 'naurui'),
(89, 'szamoai'),
(90, 'palaui'),
(91, 'pidgin'),
(92, 'motu'),
(93, 'tongai'),
(94, 'tuvalui'),
(95, 'biszlama'),
(96, 'kecsua'),
(97, 'ajmara'),
(98, 'lapp'),
(99, 'breton'),
(100, 'elzászi német'),
(101, 'szárd'),
(102, 'romagnol'),
(103, 'galíciai'),
(104, 'baszk'),
(105, 'kurd'),
(106, 'berber'),
(107, 'bantu'),
(108, 'portugál-kreol'),
(109, 'szudáni'),
(110, 'more'),
(111, 'fulani'),
(112, 'issza'),
(113, 'afar'),
(114, 'diula'),
(115, 'mandinka'),
(116, 'volof'),
(117, 'kwa'),
(118, 'fang'),
(119, 'bamileke'),
(120, 'csicseva'),
(121, 'bambara'),
(122, 'pular'),
(123, 'hausza'),
(124, 'eve'),
(125, 'mikronéz'),
(126, 'maori'),
(127, 'indián'),
(128, 'csibcsa'),
(129, 'jivaro'),
(130, 'guaraní');

-- --------------------------------------------------------

--
-- Tábla szerkezet: `orszagok`
--

CREATE TABLE `orszagok` (
  `orszagkod` int(11) NOT NULL,
  `orszagnev` varchar(255) character set utf8 collate utf8_hungarian_ci NOT NULL,
  `fovaros` varchar(255) character set utf8 collate utf8_hungarian_ci NOT NULL,
  `terulet` int(11) NOT NULL,
  `nepesseg` int(11) NOT NULL,
  `foldresz` varchar(255) character set utf8 collate utf8_hungarian_ci NOT NULL,
  `penznem` varchar(255) character set utf8 collate utf8_hungarian_ci NOT NULL,
  `allamforma` varchar(255) character set utf8 collate utf8_hungarian_ci NOT NULL,
  `GDP` float NOT NULL,
  `munkanelkuliseg` float NOT NULL,
  PRIMARY KEY  (`orszagkod`)
) ENGINE=InnoDB DEFAULT CHARSET=latin1;

--
-- Tábla adatok: `orszagok`
--

INSERT INTO `orszagok` (`orszagkod`, `orszagnev`, `fovaros`, `terulet`, `nepesseg`, `foldresz`, `penznem`, `allamforma`, `GDP`, `munkanelkuliseg`) VALUES
(1, 'Albánia', 'Tirana', 28748, 3400000, 'Európa', 'lek', 'köztársaság', 1.2, 0.19),
(2, 'Bahrein', 'El-Manáma', 692, 540000, 'Ázsia', 'dinár', 'monarchia', 4.3, 0.06),
(3, 'Ausztria', 'Bécs', 83859, 7900000, 'Európa', 'schilling', 'köztársaság', 183, 0.06),
(4, 'Costa Rica', 'San José', 51100, 3300000, 'Amerika', 'colón', 'köztársaság', 7.1, 0.04),
(5, 'Algéria', 'Algír', 2381741, 26800000, 'Afrika', 'dinár', 'köztársaság', 44.2, 0.27),
(6, 'Belgium', 'Brüsszel', 30528, 10100000, 'Európa', 'frank', 'alkotmányos monarchia', 228, 0.14),
(7, 'Banglades', 'Dhaka', 143998, 116700000, 'Ázsia', 'taka', 'köztársaság', 25.7, 0.4),
(8, 'Bosznia-Hercegovina', 'Szarajevó', 51129, 4400000, 'Európa', 'dinár', 'köztársaság', 6.9, 0),
(9, 'Angola', 'Luanda', 1246700, 10000000, 'Afrika', 'kwacha', 'köztársaság', 7.8, 0),
(10, 'Bulgária', 'Szófia', 110994, 9000000, 'Európa', 'leva', 'elnöki köztársaság', 10, 0.15),
(11, 'Guatemala', 'Guatemalaváros', 108889, 10000000, 'Amerika', 'quetzal', 'elnöki köztársaság', 11, 0.13),
(12, 'Burundi', 'Bujumbura', 27834, 6000000, 'Afrika', 'frank', 'elnöki köztársaság', 1.1, 0),
(13, 'Csehország', 'Prága', 78864, 10300000, 'Európa', 'korona', 'köztársaság', 28.1, 0.03),
(14, 'India', 'Újdelhi', 3287263, 900000000, 'Ázsia', 'rúpia', 'szövetségi köztársaság', 260, 0.23),
(15, 'Dánia', 'Koppenhága', 43094, 5200000, 'Európa', 'korona', 'alkotmányos monarchia', 138, 0.11),
(16, 'Dél-Korea', 'Szöul', 99313, 44000000, 'Ázsia', 'von', 'köztársaság', 337, 0.02),
(17, 'Észtország', 'Tallin', 45227, 1500000, 'Európa', 'korona', 'köztársaság', 4.1, 0),
(18, 'Csád', 'N''Djamena', 1284000, 6100000, 'Afrika', 'frank', 'elnöki köztársaság', 1.2, 0),
(19, 'Haiti', 'Port-au-Prince', 27750, 6800000, 'Amerika', 'gourde', 'elnöki köztársaság', 1.6, 0.35),
(20, 'Andorra', 'Andorra le Vella', 468, 63000, 'Európa', 'frank', 'parlamentáris társfejedelemség', 1.3, 0),
(21, 'Irak', 'Bagdad', 438317, 19800000, 'Ázsia', 'dinár', 'elnöki köztársaság', 34, 0),
(22, 'Azerbajdzsán', 'Baku', 86600, 7400000, 'Európa', 'manát', 'köztársaság', 5.4, 0.12),
(23, 'Izrael', 'Jeruzsálem', 20770, 5300000, 'Ázsia', 'sékel', 'köztársaság', 73, 0.09),
(24, 'Belarusz', 'Minszk', 207595, 10300000, 'Európa', 'rubel', 'köztársaság', 25, 0),
(25, 'Kuba', 'Havanna', 110860, 10900000, 'Amerika', 'peso', 'szocialista köztársaság', 16, 0),
(26, 'Dzsibuti', 'Dzsibuti', 23200, 574000, 'Afrika', 'frank', 'elnöki köztársaság', 450, 0),
(27, 'Japán', 'Tokió', 377750, 124800000, 'Ázsia', 'jen', 'alkotmányos monarchia', 3920, 0.02),
(28, 'Ciprus', 'Nicosia', 9251, 725000, 'Európa', 'font', 'elnöki köztársaság', 7.5, 0.02),
(29, 'Kazahsztán', 'Almati', 2717300, 17200000, 'Ázsia', 'tenge', 'elnöki köztársaság', 26.5, 0),
(30, 'Finnország', 'Helsinki', 338139, 5100000, 'Európa', 'márka', 'köztársaság', 96.7, 0.18),
(31, 'Salvador', 'San Salvador', 21041, 5500000, 'Amerika', 'colón', 'elnöki köztársaság', 7.3, 0.07),
(32, 'Egyiptom', 'Kairó', 997739, 55700000, 'Afrika', 'font', 'elnöki köztársaság', 36.8, 0.25),
(33, 'Görögország', 'Athén', 131957, 10400000, 'Európa', 'drachma', 'köztársaság', 76.9, 0.09),
(34, 'Jemen', 'Szanaa', 536869, 13400000, 'Ázsia', 'riál', 'elnöki köztársaság', 6.8, 0.25),
(35, 'Hollandia', 'Amszterdam', 33939, 15300000, 'Európa', 'gulden', 'alkotmányos monarchia', 317, 0.07),
(36, 'Mexikó', 'Mexikóváros', 1958201, 93700000, 'Amerika', 'peso', 'szövetségi köztársaság', 396, 0.17),
(37, 'Írország', 'Dublin', 70283, 3600000, 'Európa', 'font', 'köztársaság', 45.2, 0.15),
(38, 'Kína', 'Peking', 9571300, 1200000000, 'Ázsia', 'jüan', 'népköztársaság', 580, 0.28),
(39, 'Szerbia', 'Belgrád', 102173, 10700000, 'Európa', 'dinár', 'szövetségi köztársaság', 9.6, 0.5),
(40, 'Kuvait', 'Kuvaitváros', 17818, 1500000, 'Ázsia', 'dinár', 'monarchia', 25, 0.02),
(41, 'Lettország', 'Riga', 64589, 2600000, 'Európa', 'lat', 'köztársaság', 5.1, 0.15),
(42, 'Etiópia', 'Addisz-Abeda', 1251982, 54000000, 'Afrika', 'birr', 'köztársaság', 5.4, 0),
(43, 'Litvánia', 'Vilnius', 65300, 3800000, 'Európa', 'litas', 'köztársaság', 5, 0),
(44, 'Laosz', 'Vientián', 236800, 4500000, 'Ázsia', 'kip', 'népköztársaság', 1.3, 0),
(45, 'Macedónia', 'Szkopje', 25713, 2200000, 'Európa', 'dinár', 'köztársaság', 1.7, 0.4),
(46, 'Saint Vincent', 'Kingstown', 389, 110000, 'Amerika', 'dollár', 'alkotmányos monarchia', 0.23, 0.19),
(47, 'Málta', 'Valletta', 316, 360000, 'Európa', 'líra', 'köztársaság', 2.6, 0.03),
(48, 'Panama', 'Panamaváros', 77082, 2600000, 'Amerika', 'balboa', 'elnöki köztársaság', 6.7, 0.16),
(49, 'Monaco', 'Monaco', 2, 30000, 'Európa', 'frank', 'alkotmányos monarchia', 1.1, 0),
(50, 'Malajzia', 'Kuala Lumpur', 329758, 19000000, 'Ázsia', 'ringgit', 'alkotmányos monarchia', 60, 0.04),
(51, 'Németország', 'Berlin', 356733, 81200000, 'Európa', 'márka', 'szövetségi köztársaság', 1900, 0.08),
(52, 'Gambia', 'Banjul', 11295, 1200000, 'Afrika', 'dalasi', 'elnöki köztársaság', 440, 0),
(53, 'Olaszország', 'Róma', 301302, 58000000, 'Európa', 'líra', 'köztársaság', 1120, 0.11),
(54, 'Mongólia', 'Ulánbátor', 1565000, 2400000, 'Ázsia', 'tugrik', 'köztársaság', 0.96, 0.08),
(55, 'Örményország', 'Jereván', 29800, 3700000, 'Európa', 'dram', 'köztársaság', 2.4, 0),
(56, 'Argentína', 'Buenos Aires', 2766889, 33500000, 'Amerika', 'peso', 'szövetségi köztársaság', 250, 0.12),
(57, 'Románia', 'Bukarest', 237500, 22800000, 'Európa', 'lej', 'elnöki köztársaság', 25.5, 0.11),
(58, 'Nepál', 'Katmandu', 147781, 20400000, 'Ázsia', 'rúpia', 'alkotmányos monarchia', 3.3, 0),
(59, 'Spanyolország', 'Madrid', 504782, 39100000, 'Európa', 'peseta', 'alkotmányos monarchia', 534, 0.24),
(60, 'Kamerun', 'Yaoundé', 475442, 12600000, 'Afrika', 'frank', 'elnöki köztársaság', 9.7, 0.15),
(61, 'Chile', 'Santiago de Chile', 756626, 13800000, 'Amerika', 'peso', 'elnöki köztársaság', 42, 0.04),
(62, 'Svédország', 'Stockholm', 449964, 8700000, 'Európa', 'korona', 'alkotmányos monarchia', 216, 0.08),
(63, 'Ecuador', 'Quito', 272045, 11300000, 'Amerika', 'sucre', 'elnöki köztársaság', 13.2, 0.15),
(64, 'Szlovénia', 'Ljubljana', 20253, 2000000, 'Európa', 'tolar', 'köztársaság', 12.6, 0.14),
(65, 'Pakisztán', 'Iszlámábád', 796095, 122800000, 'Ázsia', 'rúpia', 'szövetségi köztársaság', 53, 0.05),
(66, 'Ukrajna', 'Kijev', 603700, 52100000, 'Európa', 'karbovanyec', 'elnöki köztársaság', 70.3, 0),
(67, 'Kolumbia', 'Bogotá', 1138914, 35600000, 'Amerika', 'peso', 'elnöki köztársaság', 50, 0.16),
(68, 'Vatikán', 'Vatikánváros', 1, 830, 'Európa', 'líra', 'teokratikus monarchia', 0, 0),
(69, 'Kenya', 'Nairobi', 582646, 27000000, 'Afrika', 'shilling', 'elnöki köztársaság', 7.3, 0.24),
(70, 'Törökország', 'Ankara', 779452, 59500000, 'Európa', 'líra', 'köztársaság', 96, 0.08),
(71, 'Szingapúr', 'Szingapúr', 641, 2900000, 'Ázsia', 'dollár', 'köztársaság', 55, 0.02),
(72, 'Szlovákia', 'Pozsony', 49036, 5400000, 'Európa', 'korona', 'köztársaság', 10.3, 0.14),
(73, 'Peru', 'Lima', 1285216, 22800000, 'Amerika', 'sol', 'elnöki köztársaság', 34, 0.18),
(74, 'Svájc', 'Bern', 41293, 7000000, 'Európa', 'frank', 'szövetségi köztársaság', 254, 0.04),
(75, 'Szíria', 'Damaszkusz', 185180, 13400000, 'Ázsia', 'font', 'elnöki köztársaság', 16.2, 0.06),
(76, 'Nicaragua', 'managua', 130000, 4300000, 'Amerika', 'córdoba', 'elnöki köztársaság', 1.5, 0.6),
(77, 'San Marino', 'San Marino', 61, 24000, 'Európa', 'líra', 'köztársaság', 200, 0.03),
(78, 'Lesotho', 'Maseru', 30355, 1800000, 'Afrika', 'maloti', 'alkotmányos monarchia', 1.1, 0.4),
(79, 'Portugália', 'Lisszabon', 92389, 9800000, 'Európa', 'escudo', 'köztársaság', 77.3, 0.15),
(80, 'Tajvan', 'Tajpej', 36000, 21000000, 'Ázsia', 'dollár', 'köztársaság', 240, 0.01),
(81, 'Oroszország', 'Moszkva', 17045400, 148500000, 'Európa', 'rubel', 'szövetségi köztársaság', 349, 0.06),
(82, 'Suriname', 'Paramaribo', 163265, 405000, 'Amerika', 'gulden', 'elnöki köztársaság', 1.4, 0.17),
(83, 'Norvégia', 'Oslo', 323877, 4300000, 'Európa', 'korona', 'alkotmányos monarchia', 112.8, 0.07),
(84, 'Vietnam', 'Hanoi', 330341, 70800000, 'Ázsia', 'dong', 'szocialista köztársaság', 12, 0.16),
(85, 'Nagy-Britannia', 'London', 241752, 58000000, 'Európa', 'font', 'alkotmányos monarchia', 1040, 0.08),
(86, 'Honduras', 'Tegucigalpa', 112088, 5600000, 'Amerika', 'lempira', 'elnöki köztársaság', 3.2, 0.45),
(87, 'Madagaszkár', 'Antananarivo', 587041, 12800000, 'Afrika', 'frank', 'köztársaság', 3.1, 0.15),
(88, 'Moldova', 'Kisinyov', 33700, 4500000, 'Európa', 'lej', 'elnöki köztársaság', 5.2, 0),
(89, 'Srí Lanka', 'Colombo', 64454, 17600000, 'Ázsia', 'rúpia', 'köztársaság', 10.6, 0.13),
(90, 'Magyarország', 'Budapest', 93030, 10300000, 'Európa', 'forint', 'köztársaság', 34, 0.1),
(91, 'Uruguay', 'Montevideo', 176215, 3100000, 'Amerika', 'peso', 'elnöki köztársaság', 12, 0.09),
(92, 'Luxemburg', 'Luxembourg', 2586, 400000, 'Európa', 'frank', 'alkotmányos monarchia', 14.2, 0.01),
(93, 'Ausztrália', 'Canberra', 7686848, 17700000, 'Ausztrália és óceánia', 'dollár', 'alkotmányos monarchia', 327, 0.08),
(94, 'Liechtenstein', 'Vaduz', 160, 30000, 'Európa', 'frank', 'alkotmányos monarchia', 1.1, 0.01),
(95, 'Mali', 'Bamako', 1240192, 9200000, 'Afrika', 'frank', 'elnöki köztársaság', 2.8, 0),
(96, 'Venezuela', 'Caracas', 912050, 20800000, 'Amerika', 'bolivar', 'szövetségi köztársaság', 59, 0.08),
(97, 'Lengyelország', 'Varsó', 312685, 38400000, 'Európa', 'zloty', 'elnöki köztársaság', 87.2, 0.16),
(98, 'Kiribati', 'Baikiri', 810, 76000, 'Ausztrália és óceánia', 'dollár', 'elnöki köztársaság', 54, 0.28),
(99, 'Izland', 'Reykjavík', 103000, 264000, 'Európa', 'korona', 'köztársaság', 6.2, 0.05),
(100, 'Nauru', 'Yaren', 21, 10000, 'Ausztrália és óceánia', 'dollár', 'köztársaság', 11, 0),
(101, 'Horvátország', 'Zágráb', 56538, 4800000, 'Európa', 'kuna', 'köztársaság', 9.7, 0.17),
(102, 'Niger', 'Niamey', 1267000, 8400000, 'Afrika', 'frank', 'elnöki köztársaság', 2.3, 0.47),
(103, 'Grúzia', 'Tbiliszi', 69700, 5500000, 'Európa', 'kupon', 'elnöki köztársaság', 3, 0),
(104, 'Palau', 'Koror', 508, 15000, 'Ausztrália és óceánia', 'dollár', 'elnöki köztársaság', 0.01, 0),
(105, 'Franciaország', 'Párizs', 543965, 57600000, 'Európa', 'frank', 'elnöki köztársaság', 1290, 0.12),
(106, 'Szudán', 'Kartúm', 2505813, 27300000, 'Afrika', 'dinár', 'iszlám köztársaság', 11, 0),
(107, 'Tonga', 'Nuku''alofa', 748, 99000, 'Ausztrália és óceánia', 'pa''anga', 'alkotmányos monarchia', 0.16, 0.04),
(108, 'Tunézia', 'Tunisz', 164150, 8600000, 'Afrika', 'dinár', 'elnöki köztársaság', 15.3, 0.15),
(109, 'Tuvalu', 'Vaiaku', 26, 9500, 'Ausztrália és óceánia', 'dollár', 'alkotmányos monarchia', 0.006, 0),
(110, 'Zambia', 'Lusaka', 752614, 8600000, 'Afrika', 'kwacha', 'elnöki köztársaság', 3.2, 0),
(111, 'Amerikai Egyesült Államok', 'Washington', 9372614, 258100000, 'Amerika', 'dollár', 'szövetségi köztársaság', 6650, 0.05),
(112, 'Zimbabwe', 'Harare', 390579, 10600000, 'Afrika', 'dollár', 'elnöki köztársaság', 5.2, 0.4),
(113, 'Barbados', 'Bridgetown', 430, 260000, 'Amerika', 'dollár', 'alkotmányos monarchia', 1.6, 0.22),
(114, 'Benin', 'Porto-Novo', 112622, 5200000, 'Afrika', 'frank', 'elnöki köztársaság', 2.2, 0),
(115, 'Guyana', 'Georgetown', 217969, 810000, 'Amerika', 'dollár', 'elnöki köztársaság', 0.28, 0.13),
(116, 'Irán', 'Teherán', 1648000, 61400000, 'Ázsia', 'rijál', 'elnöki köztársaság', 135, 0.15),
(117, 'Bissau-Guinea', 'Bissau', 36125, 1000000, 'Afrika', 'peso', 'elnöki köztársaság', 217, 0),
(118, 'Jordánia', 'Ammán', 97740, 4100000, 'Ázsia', 'dinár', 'alkotmányos monarchia', 4.9, 0.25),
(119, 'Antigua és Barbuda', 'Saint John''s', 442, 67000, 'Amerika', 'dollár', 'alkotmányos monarchia', 0.43, 0.2),
(120, 'Elefántcsontpart', 'Yamoussoukro', 322462, 13400000, 'Afrika', 'frank', 'elnöki köztársaság', 8.4, 0),
(121, 'Botswana', 'Gaborone', 582000, 1400000, 'Afrika', 'pula', 'elnöki köztársaság', 3.6, 0.13),
(122, 'Afganisztán', 'Kabul', 652225, 22100000, 'Ázsia', 'afgháni', 'iszlám köztársaság', 4.1, 0),
(123, 'Mauritius', 'Port Louis', 2040, 1100000, 'Afrika', 'rúpia', 'köztársaság', 3.3, 0.02),
(124, 'Belize', 'Belmopan', 22965, 205000, 'Amerika', 'dollár', 'alkotmányos monarchia', 0.5, 0.2),
(125, 'Kambodzsa', 'Phnom Penh', 181035, 9600000, 'Ázsia', 'riel', 'alkotmányos monarchia', 1.2, 0),
(126, 'Dél-Afrika', 'Pretoria', 1221037, 40700000, 'Afrika', 'rand', 'elnöki köztársaság', 117, 0.15),
(127, 'Katar', 'Doha', 11437, 520000, 'Ázsia', 'rijál', 'monarchia', 7.9, 0),
(128, 'Trinidad és Tobago', 'Port of Spain', 5128, 1300000, 'Amerika', 'dollár', 'elnöki köztársaság', 4.8, 0.19),
(129, 'Egyenlít?i-Guinea', 'Malabo', 28051, 447000, 'Afrika', 'frank', 'elnöki köztársaság', 160, 0),
(130, 'Zöld-foki szigetek', 'Cidade de Praia', 4033, 398000, 'Afrika', 'escudo', 'köztársaság', 350, 0.26),
(131, 'Namíbia', 'Windhoek', 824292, 1600000, 'Afrika', 'rand', 'elnöki köztársaság', 2.7, 0.4),
(132, 'Maldív-szigetek', 'Male', 298, 237000, 'Ázsia', 'rúpia', 'elnöki köztársaság', 0.19, 0.01),
(133, 'Guinea', 'Conakry', 245857, 6300000, 'Afrika', 'frank', 'elnöki köztársaság', 3.2, 0),
(134, 'Dominika', 'Roseau', 750, 72000, 'Amerika', 'dollár', 'köztársaság', 0.19, 0.15),
(135, 'Libanon', 'Bejrút', 10400, 28000000, 'Ázsia', 'font', 'köztársaság', 3.7, 0),
(136, 'Jamaica', 'Kingston', 10991, 2400000, 'Amerika', 'dollár', 'alkotmányos monarchia', 3.4, 0.16),
(137, 'Burkina Faso', 'Ouagadougou', 274200, 9800000, 'Afrika', 'frank', 'elnöki köztársaság', 2.9, 0),
(138, 'Üzbegisztán', 'Taskent', 447400, 21900000, 'Ázsia', 'szom', 'elnöki köztársaság', 21, 0),
(139, 'Paraguay', 'Asunción', 406752, 4600000, 'Amerika', 'guaraní', 'elnöki köztársaság', 6.9, 0.12),
(140, 'Marokkó', 'Rabat', 458730, 26700000, 'Afrika', 'dirham', 'alkotmányos monarchia', 32.3, 0.2),
(141, 'Kirgizsztán', 'Pispek', 198500, 4500000, 'Ázsia', 'szom', 'elnöki köztársaság', 3.7, 0.14),
(142, 'Bahama-szigetek', 'Nassau', 13939, 266000, 'Amerika', 'dollár', 'alkotmányos monarchia', 3.1, 0.2),
(143, 'Fidzsi-szigetek', 'Suva', 18376, 760000, 'Ausztrália és óceánia', 'dollár', 'köztársaság', 1.6, 0.05),
(144, 'Mozambik', 'Maputo', 801590, 16900000, 'Afrika', 'metical', 'köztársaság', 1.3, 0),
(145, 'Indonézia', 'Dzsakarta', 1904569, 188000000, 'Ázsia', 'rúpia', 'köztársaság', 137, 0.14),
(146, 'Marshall-szigetek', 'Dalap-Uliga-Darrit', 180, 53000, 'Ausztrália és óceánia', 'dollár', 'köztársaság', 0.07, 0),
(147, 'Omán', 'Maszkat', 212457, 1700000, 'Ázsia', 'rijál', 'monarchia', 9.5, 0),
(148, 'Eritrea', 'Aszmara', 98500, 3500000, 'Afrika', 'birr', 'köztársaság', 300, 0),
(149, 'Új-Zéland', 'Wellington', 270986, 3500000, 'Ausztrália és óceánia', 'dollár', 'alkotmányos monarchia', 46, 0.07),
(150, 'Tádzsikisztán', 'Dusanbe', 143100, 5700000, 'Ázsia', 'rubel', 'elnöki köztársaság', 2.7, 0),
(151, 'Comore-szigetek', 'Moroni', 1862, 530000, 'Afrika', 'frank', 'elnöki köztársaság', 280, 0),
(152, 'Mikronézia', 'Palikir', 700, 110000, 'Ausztrália és óceánia', 'dollár', 'szövetségi köztársaság', 0.1, 0.8),
(153, 'Thaiföld', 'Bangkok', 513115, 58800000, 'Ázsia', 'baht', 'alkotmányos monarchia', 120, 0.04),
(154, 'Seychelle-szigetek', 'Victoria', 454, 71000, 'Afrika', 'rúpia', 'elnöki köztársaság', 450, 0),
(155, 'Pápua Új-Guinea', 'Port Moresby', 462840, 4100000, 'Ausztrália és óceánia', 'kina', 'alkotmányos monarchia', 4.6, 0.16),
(156, 'Líbia', 'Tripoli', 1775500, 5000000, 'Afrika', 'dinár', 'iszlám köztársaság', 26, 0.01),
(157, 'Salamon-szigetek', 'Honiara', 27556, 350000, 'Ausztrália és óceánia', 'dolár', 'alkotmányos monarchia', 0.2, 0),
(158, 'Nyugat-Szahara', 'El-Aaiún', 252120, 200000, 'Afrika', 'dirham', 'köztársaság', 24, 0),
(159, 'Szaúd-Arábia', 'Rijád', 2240000, 17400000, 'Ázsia', 'rijál', 'monarchia', 114, 0),
(160, 'Malawi', 'Lilongwe', 118484, 10400000, 'Afrika', 'kwacha', 'elnöki köztársaság', 2.3, 0),
(161, 'Türkmenisztán', 'Asgabat', 488100, 4300000, 'Ázsia', 'manát', 'elnöki köztársaság', 5.4, 0),
(162, 'Szomália', 'Mogadishu', 637657, 8500000, 'Afrika', 'shilling', 'köztársaság', 1, 0),
(163, 'Dominikai Köztársaság', 'Santo Domingo', 48243, 7400000, 'Amerika', 'peso', 'elnöki köztársaság', 8, 0.25),
(164, 'Kongó', 'Brazzaville', 342000, 2500000, 'Afrika', 'frank', 'köztársaság', 2.3, 0.28),
(165, 'Egyesült Arab Emírségek', 'Abu Dhabi', 83600, 1700000, 'Ázsia', 'dirham', 'emírségek szövetsége', 38, 0.04),
(166, 'Ruanda', 'Kigali', 26338, 6500000, 'Afrika', 'frank', 'elnöki köztársaság', 1.3, 0),
(167, 'Mauritánia', 'Nouakchott', 1030700, 2100000, 'Afrika', 'ouguiya', 'elnöki köztársaság', 1.1, 0),
(168, 'Észak-Korea', 'Phenjan', 120538, 23000000, 'Ázsia', 'von', 'népköztársaság', 21, 0),
(169, 'Tanzánia', 'Dar es Salaam', 945087, 27800000, 'Afrika', 'shilling', 'elnöki köztársaság', 2.7, 0.4),
(170, 'Libéria', 'Monrovia', 97754, 2800000, 'Afrika', 'dollár', 'elnöki köztársaság', 1.3, 0),
(171, 'Brunei', 'Bandar Seri Begawan', 5765, 280000, 'Ázsia', 'dollár', 'monarchia', 8.4, 0.06),
(172, 'Togo', 'Lomé', 56785, 4000000, 'Afrika', 'frank', 'elnöki köztársaság', 1.3, 0),
(173, 'Kanada', 'Ottawa', 9976139, 28100000, 'Amerika', 'dollár', 'alkotmányos monarchia', 588, 0.09),
(174, 'Szenegál', 'Dakar', 196722, 8100000, 'Afrika', 'frank', 'köztársaság', 6, 0.2),
(175, 'Fülöp-szigetek', 'Manila', 300000, 65700000, 'Ázsia', 'peso', 'elnöki köztársaság', 54.5, 0.08),
(176, 'Ghána', 'Accra', 238533, 16300000, 'Afrika', 'cedi', 'köztársaság', 7, 0),
(177, 'Brazília', 'Brasilia', 8511996, 156500000, 'Amerika', 'cruzeiro real', 'szövetségi köztársaság', 470, 0.15),
(178, 'Nyugat-Szamoa', 'Apia', 2831, 163000, 'Ausztrália és óceánia', 'tala', 'alkotmányos monarchia', 0.16, 0),
(179, 'Nigéria', 'Abuja', 923768, 115700000, 'Afrika', 'naira', 'elnöki köztársaság', 36, 0.03),
(180, 'Szváziföld', 'Mbabane', 17363, 880000, 'Afrika', 'lilangeni', 'alkotmányos monarchia', 920, 0),
(181, 'Bhután', 'Timpu', 47000, 1500000, 'Ázsia', 'ngultrum', 'alkotmányos monarchia', 260, 0),
(182, 'Zaire', 'Kinshasa', 2345409, 41200000, 'Afrika', 'zaire', 'elnöki köztársaság', 8.7, 0.38),
(183, 'Grenada', 'Saint George''s', 345, 91000, 'Amerika', 'dollár', 'alkotmányos monarchia', 0.22, 0.13),
(184, 'Közép-Afrika', 'Bangui', 622436, 3200000, 'Afrika', 'frank', 'elnöki köztársaság', 1.3, 0),
(185, 'Gabon', 'Libreville', 267667, 1200000, 'Afrika', 'frank', 'elnöki köztársaság', 4.9, 0.13),
(186, 'Saint Kitts és Nevis', 'Basseterre', 262, 42000, 'Amerika', 'dollár', 'alkotmányos monarchia', 0.18, 0.15),
(187, 'Mianmar', 'Rangun', 676552, 44700000, 'Ázsia', 'kyat', 'szocialista köztársaság', 10, 0.04),
(188, 'Bolívia', 'La Paz', 1098581, 7100000, 'Amerika', 'boliviano', 'elnöki köztársaság', 5.5, 0.21),
(189, 'Sao Tomé és Príncipe', 'Sao Tomé', 964, 126000, 'Afrika', 'dobra', 'köztársaság', 42, 0),
(190, 'Uganda', 'Kampala', 241139, 18700000, 'Afrika', 'új shilling', 'elnöki köztársaság', 4.5, 0),
(191, 'Sierra Leone', 'Freetown', 71740, 4400000, 'Afrika', 'leone', 'elnöki köztársaság', 620, 0),
(192, 'Vanuatu', 'Port-Vila', 12190, 160000, 'Ausztrália és óceánia', 'vatu', 'köztársaság', 0.2, 0),
(193, 'Saint Lucia', 'Castries', 616, 158000, 'Amerika', 'dollár', 'alkotmányos monarchia', 0.48, 0.16);

-- --------------------------------------------------------

--
-- Tábla szerkezet: `varosok`
--

CREATE TABLE `varosok` (
  `varoskod` int(11) NOT NULL,
  `varosnev` varchar(255) NOT NULL,
  `orszagkod` int(11) NOT NULL,
  `varoslakossag` int(11) NOT NULL,
  PRIMARY KEY  (`varoskod`)
) ENGINE=InnoDB DEFAULT CHARSET=latin1;

--
-- Tábla adatok: `varosok`
--

INSERT INTO `varosok` (`varoskod`, `varosnev`, `orszagkod`, `varoslakossag`) VALUES
(1, 'Aalborg', 15, 155),
(2, 'Aalst', 6, 77),
(3, 'Aarhus', 15, 258),
(4, 'Abadan', 116, 294),
(5, 'Abeche', 18, 71),
(6, 'Abeokuta', 179, 359),
(7, 'Abha', 159, 30),
(8, 'Abidjan', 120, 1850),
(9, 'Abomey', 114, 54),
(10, 'Abu Dhabi', 119, 243),
(11, 'Acapulco', 36, 409),
(12, 'Accra', 176, 949),
(13, 'Adana', 70, 776),
(14, 'Addis Ababa', 42, 1495),
(15, 'Adelaide', 93, 1013),
(16, 'Aden', 34, 318),
(17, 'Afareaitu', 30, 2),
(18, 'Agadez', 102, 27),
(19, 'Agadir', 140, 700),
(20, 'Agana', 103, 1),
(21, 'Agedabia', 156, 31),
(22, 'Aguadilla', 79, 61),
(23, 'Ahmedabad', 14, 2060),
(24, 'Ahwaz', 116, 580),
(25, 'Aix-en-Provence', 105, 125),
(26, 'Ajlun', 118, 47),
(27, 'Akranes', 99, 5),
(28, 'Akureyri', 99, 13),
(29, 'Al Obeid', 106, 140),
(30, 'Alajuela', 4, 147),
(31, 'Al-Amarah', 21, 132),
(32, 'Al-Beida', 156, 32),
(33, 'Aleppo', 75, 1216),
(34, 'Alesund', 83, 36),
(35, 'Alexandria', 32, 2917),
(36, 'Algír', 5, 1507),
(37, 'Al-Hillah', 21, 215),
(38, 'Alicante', 59, 258),
(39, 'Ali-Sabiah', 26, 34),
(40, 'Alma-Ata', 29, 1151),
(41, 'Al-Mahallan', 32, 385),
(42, 'Al-Mansuran', 32, 358),
(43, 'Almeria', 59, 155),
(44, 'Al-Mobarraz', 159, 54),
(45, 'Almuda', 79, 43),
(46, 'Alor Star', 160, 75),
(47, 'Amadora', 79, 96),
(48, 'Ambato', 63, 134),
(49, 'Amman', 118, 900),
(50, 'Ammassalik', 183, 1),
(51, 'Amszterdam', 35, 692),
(52, 'Anchorage', 129, 224),
(53, 'Andisan', 138, 300),
(54, 'Andorra la Valle', 20, 18),
(55, 'Anecho', 172, 14),
(56, 'Angeles', 175, 246),
(57, 'Ankara', 70, 2252),
(58, 'Annabu', 5, 306),
(59, 'An-Najaf', 21, 243),
(60, 'An-Nasiriyah', 21, 139),
(61, 'Anse Boilean', 154, 4),
(62, 'Anse Royal', 154, 3),
(63, 'Antananarivo', 87, 703),
(64, 'Antofagasta', 61, 205),
(65, 'Antsirabe', 87, 79),
(66, 'Antsiranana', 87, 53),
(67, 'Antwerp', 6, 476),
(68, 'Apeldoorn', 35, 146),
(69, 'Apia', 178, 33),
(70, 'Arecibo', 79, 98),
(71, 'Arequipa', 73, 592),
(72, 'Ariana', 108, 99),
(73, 'Arica', 61, 170),
(74, 'Arima', 128, 29),
(75, 'Ar-Ramadi', 21, 137),
(76, 'Arusha', 169, 55),
(77, 'Ashabad', 109, 402),
(78, 'Asmera', 42, 296),
(79, 'As-Sulaymaniyah', 21, 279),
(80, 'Asuncion', 139, 729),
(81, 'Aswan', 32, 196),
(82, 'Asyut', 32, 291),
(83, 'Atakpame', 172, 27),
(84, 'Atar', 167, 16),
(85, 'Atbara', 106, 103),
(86, 'Athén', 33, 886),
(87, 'Atlanta', 129, 384),
(88, 'Auckland', 149, 852),
(89, 'Azzawiya', 156, 85),
(90, 'Bacaramanga', 67, 342),
(91, 'Bacolod', 175, 318),
(92, 'Bafata', 117, 13),
(93, 'Bafilo', 172, 10),
(94, 'Bafoussam', 60, 76),
(95, 'Bagdad', 21, 4648),
(96, 'Baghlan', 122, 41),
(97, 'Bahr Dar', 42, 55),
(98, 'Baidoa', 162, 300),
(99, 'Bakau', 52, 19),
(100, 'Bakhtaran', 116, 561),
(101, 'Baku', 22, 1760),
(102, 'Balzers', 94, 4),
(103, 'Bamako', 95, 646),
(104, 'Bambari', 184, 52),
(105, 'Bamend', 60, 48),
(106, 'Bandar Abbas', 116, 202),
(107, 'Bandar Seri Begawan', 171, 52),
(108, 'Bandung', 145, 1463),
(109, 'Banfora', 42, 35),
(110, 'Bangalore', 14, 2476),
(111, 'Bangassou', 184, 36),
(112, 'Bangkok', 153, 5609),
(113, 'Bangui', 184, 597),
(114, 'Bania Blanca', 56, 224),
(115, 'Banja Luka', 8, 193),
(116, 'Banjarmasiu', 145, 381),
(117, 'Banjul', 52, 44),
(118, 'Ba''qubah', 21, 115),
(119, 'Barahona', 163, 50),
(120, 'Barcelona', 59, 1704),
(121, 'Barcelona', 96, 237),
(122, 'Bari', 53, 359),
(123, 'Barisal', 7, 173),
(124, 'Barquisimeto', 96, 741),
(125, 'Barranquilla', 67, 897),
(126, 'Barreiro', 79, 51),
(127, 'Basel', 74, 174),
(128, 'Basra', 21, 617),
(129, 'Bassari', 172, 22),
(130, 'Basse Santa Su', 52, 3),
(131, 'Bassein', 137, 144),
(132, 'Basseterre', 186, 19),
(133, 'Basse-Terre', 103, 14),
(134, 'Bata', 63, 29),
(135, 'Batangas', 175, 176),
(136, 'Batna', 5, 182),
(137, 'Batumi', 103, 136),
(138, 'Bayamo', 25, 119),
(139, 'Bayamon', 79, 222),
(140, 'Bean Bassin', 123, 93),
(141, 'Bechar', 5, 107),
(142, 'Bécs', 3, 1531),
(143, 'Beersheba', 23, 115),
(144, 'Beijing', 38, 5469),
(145, 'Beira', 144, 292),
(146, 'Beirut', 135, 1500),
(147, 'Bejaia', 5, 115),
(148, 'Belem', 177, 1117),
(149, 'Belfast', 85, 354),
(150, 'Belgrád', 118, 1470),
(151, 'Belize City', 124, 48),
(152, 'Belmopan', 124, 4),
(153, 'Belo Horizonte', 177, 2114),
(154, 'Bene Beraq', 23, 105),
(155, 'Benghazi', 156, 446),
(156, 'Benguela', 9, 41),
(157, 'Berat', 1, 41),
(158, 'Berbera', 162, 70),
(159, 'Berberati', 184, 100),
(160, 'Berekna', 16, 3),
(161, 'Bergen', 83, 211),
(162, 'Berlin', 51, 3140),
(163, 'Bern', 74, 138),
(164, 'Bhaktapur', 58, 48),
(165, 'Biel', 74, 51),
(166, 'Big Bend', 180, 10),
(167, 'Bilbao', 59, 382),
(168, 'Biratnagar', 58, 94),
(169, 'Birkirkara', 47, 20),
(170, 'Birmingham', 85, 1024),
(171, 'Birni N''Konni', 102, 16),
(172, 'Bissau', 117, 125),
(173, 'Bitola', 90, 80),
(174, 'Bizerte', 108, 95),
(175, 'Blantyre', 160, 403),
(176, 'Blida', 5, 171),
(177, 'Bloemfontein', 126, 104),
(178, 'Bo', 191, 26),
(179, 'Bobo-Dioulasso', 42, 231),
(180, 'Bobonong', 121, 54),
(181, 'Bodden Town', 118, 1),
(182, 'Bodo', 83, 35),
(183, 'Bogota', 67, 3975),
(184, 'Boksburg', 126, 111),
(185, 'Bolgatanga', 176, 32),
(186, 'Bologna', 53, 427),
(187, 'Bombay', 14, 8243),
(188, 'Bongor', 18, 69),
(189, 'Bonriki', 98, 21),
(190, 'Bonthe', 191, 6),
(191, 'Boras', 62, 101),
(192, 'Bordeaux', 105, 211),
(193, 'Boston', 129, 554),
(194, 'Bouake', 120, 220),
(195, 'Bouer', 184, 55),
(196, 'Bourail', 190, 4),
(197, 'Bradford', 85, 295),
(198, 'Braga', 79, 63),
(199, 'Braila', 57, 236),
(200, 'Brasilia', 177, 1568),
(201, 'Brassó', 57, 351),
(202, 'Brazzaville', 164, 596),
(203, 'Bremen', 51, 522),
(204, 'Brest', 105, 160),
(205, 'Bridgetown', 113, 8),
(206, 'Brikama', 52, 20),
(207, 'Brisbane', 93, 1215),
(208, 'Bristol', 85, 420),
(209, 'Brno', 13, 388),
(210, 'Bruges', 6, 118),
(211, 'Brüsszel', 6, 970),
(212, 'Buchanan', 170, 24),
(213, 'Budapest', 90, 2115),
(214, 'Buenos Aires', 56, 2923),
(215, 'Bujumbura', 12, 273),
(216, 'Bukarest', 57, 1990),
(217, 'Bukaru', 182, 171),
(218, 'Bulawayo', 112, 429),
(219, 'Bumthang', 181, 11),
(220, 'Buraidah', 159, 70),
(221, 'Burao', 162, 300),
(222, 'Burgas', 10, 198),
(223, 'Bursa', 70, 614),
(224, 'Bururi', 12, 8),
(225, 'Butare', 166, 22),
(226, 'Bydgoszcz', 97, 373),
(227, 'Caaguazu', 139, 20),
(228, 'Cabimas', 96, 217),
(229, 'Cagayan de Oro', 175, 343),
(230, 'Cagliari', 53, 222),
(231, 'Calcutta', 14, 3305),
(232, 'Calgary', 173, 636),
(233, 'Cali', 67, 1400),
(234, 'Callao', 73, 560),
(235, 'Cam Ranh', 84, 118),
(236, 'Camaguey', 25, 275),
(237, 'Campinas', 177, 841),
(238, 'Can Tho', 84, 183),
(239, 'Canala', 190, 4),
(240, 'Canberra', 93, 289),
(241, 'Canea', 33, 47),
(242, 'Cantchungo', 117, 5),
(243, 'Cape Coast', 176, 59),
(244, 'Cape Town', 126, 1912),
(245, 'Cap-Haitien', 19, 68),
(246, 'Caracas', 96, 1276),
(247, 'Carolina', 79, 179),
(248, 'Cartagena', 67, 491),
(249, 'Cartago', 4, 101),
(250, 'Casablanca', 140, 2904),
(251, 'Cascade', 154, 3),
(252, 'Castries', 193, 53),
(253, 'Cataao', 79, 35),
(254, 'Catania', 53, 372),
(255, 'Catio', 117, 5),
(256, 'Caugas', 79, 137),
(257, 'Cayenne', 30, 40),
(258, 'Cayey', 79, 48),
(259, 'Cebu', 175, 624),
(260, 'Ceske Budejovice', 13, 95),
(261, 'Changchun', 38, 1557),
(262, 'Charleroi', 6, 209),
(263, 'Charlestown', 186, 1),
(264, 'Charlotte Amalie', 111, 19),
(265, 'Chegutu', 112, 27),
(266, 'Chengdu', 38, 1614),
(267, 'Chiali', 80, 255),
(268, 'Chiang Mai', 153, 158),
(269, 'Chibato', 144, 26),
(270, 'Chicago', 129, 2726),
(271, 'Chiclayo', 73, 395),
(272, 'Chihuahua', 36, 407),
(273, 'Chililabombwe', 110, 82),
(274, 'Chimbote', 73, 279),
(275, 'Chinandega', 76, 68),
(276, 'Chingola', 110, 194),
(277, 'Chinhoyi', 112, 24),
(278, 'Chiquimula', 11, 43),
(279, 'Chisimaayo', 162, 200),
(280, 'Chittagong', 7, 980),
(281, 'Chitungwiza', 112, 202),
(282, 'Chogbalsan', 54, 23),
(283, 'Choluteca', 86, 65),
(284, 'Chon Buri', 153, 120),
(285, 'Chongjin', 164, 754),
(286, 'Chongqing', 38, 2179),
(287, 'Chonju', 16, 426),
(288, 'Christchurch', 149, 301),
(289, 'Christianshab', 183, 2),
(290, 'Christiansted', 111, 3),
(291, 'Chungli', 80, 248),
(292, 'Cienfugeos', 25, 116),
(293, 'Ciudad Bolivar', 96, 268),
(294, 'Ciudad Guayana', 96, 510),
(295, 'Ciudad Juarez', 36, 567),
(296, 'Coban', 11, 44),
(297, 'Cochabamba', 188, 381),
(298, 'Codrington', 9, 1),
(299, 'Coimbra', 79, 75),
(300, 'Cojutepeque', 31, 31),
(301, 'Colombo', 89, 683),
(302, 'Colon', 48, 20),
(303, 'Comayagua', 86, 32),
(304, 'Comilla', 7, 184),
(305, 'Conakry', 133, 705),
(306, 'Concepcion', 61, 294),
(307, 'Concepcion', 139, 26),
(308, 'Constanta', 57, 328),
(309, 'Constantine', 5, 441),
(310, 'Cordoba', 56, 984),
(311, 'Cordoba', 59, 298),
(312, 'Cork', 37, 174),
(313, 'Coronel Ovideo', 139, 22),
(314, 'Corozal', 124, 10),
(315, 'Corriverton', 115, 11),
(316, 'Cotonou', 114, 487),
(317, 'Coventry', 85, 323),
(318, 'Craiova', 57, 281),
(319, 'Cruz Bay', 111, 2),
(320, 'Csardzson', 109, 160),
(321, 'Csimkent', 29, 400),
(322, 'Cucuta', 67, 357),
(323, 'Cuenca', 63, 218),
(324, 'Culiacan', 36, 560),
(325, 'Cumana', 96, 255),
(326, 'Curepipe', 123, 65),
(327, 'Curitiba', 177, 1279),
(328, 'Cuzco', 73, 255),
(329, 'Cyangugu', 166, 8),
(330, 'Da Nang', 84, 492),
(331, 'Dacca', 7, 2366),
(332, 'Dakar', 174, 1382),
(333, 'Dakhla', 158, 18),
(334, 'Dalian', 38, 1619),
(335, 'Dallas', 129, 991),
(336, 'Daloa', 120, 80),
(337, 'Damascus', 75, 1292),
(338, 'Dammam', 159, 200),
(339, 'Dangriga', 124, 8),
(340, 'Danli', 86, 20),
(341, 'Dar'' a', 75, 50),
(342, 'Dar es Salaam', 169, 769),
(343, 'Darhan', 54, 80),
(344, 'Darna', 156, 30),
(345, 'Darwin', 93, 69),
(346, 'Daugavpils', 41, 128),
(347, 'Davao', 175, 836),
(348, 'Davia', 48, 51),
(349, 'Dayr az-Zawr', 75, 92),
(350, 'Debre Markos', 42, 40),
(351, 'Debrecen', 90, 220),
(352, 'Dededo', 103, 44),
(353, 'Dehivala', 89, 191),
(354, 'Denver', 129, 460),
(355, 'Dessye', 42, 76),
(356, 'Detroit', 129, 970),
(357, 'Dhamar', 34, 30),
(358, 'Differdange', 92, 14),
(359, 'Dijon', 105, 146),
(360, 'Dikhil', 26, 44),
(361, 'Diourbel', 174, 55),
(362, 'Dire Dawa', 42, 98),
(363, 'Diyarbakir', 70, 305),
(364, 'Djerba', 108, 92),
(365, 'Djibouti', 26, 290),
(366, 'Dnyetropetrovszk', 66, 1179),
(367, 'Doba', 18, 64),
(368, 'Dodoma', 169, 46),
(369, 'Doha', 127, 217),
(370, 'Dortmund', 51, 568),
(371, 'Douala', 60, 1117),
(372, 'Drammen', 83, 52),
(373, 'Dresden', 51, 521),
(374, 'Dubai', 119, 266),
(375, 'Dublin', 37, 921),
(376, 'Ducos', 146, 5),
(377, 'Duisburg', 51, 515),
(378, 'Dumbea', 190, 6),
(379, 'Dunedin', 149, 107),
(380, 'Durban', 126, 982),
(381, 'Durres', 1, 79),
(382, 'Dusanbe', 180, 604),
(383, 'Düsseldorf', 51, 561),
(384, 'East London', 126, 194),
(385, 'Ech-Cheliff', 5, 130),
(386, 'Edinburgh', 85, 420),
(387, 'Edmonton', 173, 574),
(388, 'Egedesminde', 183, 3),
(389, 'Eindhoven', 35, 191),
(390, 'El Beida', 34, 9),
(391, 'El Progreso', 86, 61),
(392, 'Elbasan', 1, 78),
(393, 'Eldoret', 69, 60),
(394, 'Encarnacion', 139, 31),
(395, 'Enschede', 35, 145),
(396, 'Entebbe', 190, 21),
(397, 'Erdenedalay', 54, 43),
(398, 'Esbjerg', 15, 81),
(399, 'Esch', 92, 24),
(400, 'Eschen', 94, 3),
(401, 'Escuintla', 11, 77),
(402, 'Eskisehir', 70, 367),
(403, 'Esmeraldes', 63, 115),
(404, 'Espoo', 30, 168),
(405, 'Essen', 51, 615),
(406, 'Esteli', 76, 31),
(407, 'Faisalabad', 65, 1104),
(408, 'Fajardo', 79, 37),
(409, 'Famagusta', 28, 41),
(410, 'Farefenni', 52, 10),
(411, 'Farim', 117, 4),
(412, 'Fatatogo', 111, 2),
(413, 'Fernando de la Mora', 139, 72),
(414, 'Fez', 140, 933),
(415, 'Fiarnarantsoa', 87, 111),
(416, 'Fier', 1, 40),
(417, 'Filingue', 102, 11),
(418, 'Firenze', 53, 421),
(419, 'Flemcen', 5, 127),
(420, 'Fomboni', 151, 6),
(421, 'Fortaleza', 177, 1584),
(422, 'Fort-de-France', 146, 110),
(423, 'Foumban', 60, 41),
(424, 'Francistown', 121, 49),
(425, 'Frankfurt', 51, 592),
(426, 'Frederikshab', 183, 2),
(427, 'Frederiksted', 111, 4),
(428, 'Freeport', 142, 24),
(429, 'Freetown', 191, 470),
(430, 'Fukuoka', 27, 1204),
(431, 'Funafuti', 109, 3),
(432, 'Funchal', 79, 44),
(433, 'Gabes', 108, 92),
(434, 'Gaborone', 121, 111),
(435, 'Gabu', 117, 8),
(436, 'Gafsu', 108, 61),
(437, 'Gagnoa', 120, 42),
(438, 'Galati', 57, 295),
(439, 'Galle', 89, 109),
(440, 'Galway', 37, 47),
(441, 'Gao', 95, 31),
(442, 'Garoua', 60, 102),
(443, 'Gavle', 62, 88),
(444, 'Gaziantep', 70, 466),
(445, 'Gdansk', 97, 469),
(446, 'Geelong', 93, 149),
(447, 'General Santos', 175, 230),
(448, 'Genf', 74, 164),
(449, 'Genoa', 53, 722),
(450, 'George Town', 118, 14),
(451, 'Georgetown', 52, 3),
(452, 'Georgetown', 115, 200),
(453, 'Georgetown', 160, 251),
(454, 'Georgetown', 46, 1),
(455, 'Germiston', 126, 117),
(456, 'Ghazni', 122, 32),
(457, 'Ghent', 6, 233),
(458, 'Giohar', 162, 14),
(459, 'Gisborne', 149, 32),
(460, 'Gisengi', 166, 12),
(461, 'Gitega', 12, 95),
(462, 'Giza', 32, 1671),
(463, 'Gjabdza', 22, 300),
(464, 'Glasgow', 85, 765),
(465, 'Godhavn', 183, 1),
(466, 'Goiania', 177, 923),
(467, 'Gold Coast', 93, 220),
(468, 'Gomel', 124, 500),
(469, 'Gonaires', 19, 36),
(470, 'Gondar', 42, 81),
(471, 'Goroka', 155, 22),
(472, 'Gouyave', 183, 2),
(473, 'Göteborg', 62, 431),
(474, 'Granada', 76, 89),
(475, 'Granada', 59, 257),
(476, 'Graz', 3, 243),
(477, 'Grenoble', 105, 160),
(478, 'Groningen', 35, 168),
(479, 'Guadalajara', 36, 1626),
(480, 'Guangzhou', 38, 2718),
(481, 'Guantanamo', 25, 193),
(482, 'Guatemala City', 11, 1057),
(483, 'Guayama', 79, 43),
(484, 'Guayaquil', 63, 1699),
(485, 'Guaynabo', 79, 93),
(486, 'Gujranwala', 65, 659),
(487, 'Gulu', 190, 18),
(488, 'Gunjur', 52, 7),
(489, 'Gweru', 112, 79),
(490, 'Gy?r', 90, 132),
(491, 'Haarlem', 35, 149),
(492, 'Haeju', 164, 213),
(493, 'Hafnarfjordhur', 99, 14),
(494, 'Hága', 35, 444),
(495, 'Haifa', 23, 223),
(496, 'Haiphong', 84, 1279),
(497, 'Hajja', 34, 8),
(498, 'Halifax', 173, 114),
(499, 'Hama', 75, 214),
(500, 'Hamburg', 51, 1571),
(501, 'Hamhung', 164, 325),
(502, 'Hamilton', 114, 3),
(503, 'Hamilton', 173, 307),
(504, 'Hamilton', 149, 104),
(505, 'Hannover', 51, 506),
(506, 'Hanoi', 84, 2674),
(507, 'Haradh', 159, 100),
(508, 'Harar', 42, 63),
(509, 'Harare', 112, 681),
(510, 'Harbel', 170, 66),
(511, 'Harbin', 38, 2328),
(512, 'Hargeysa', 162, 400),
(513, 'Harkov', 66, 1611),
(514, 'Harper', 170, 12),
(515, 'Hasaken', 75, 73),
(516, 'Hat Yai', 153, 94),
(517, 'Havanna', 25, 2059),
(518, 'Helsingborg', 62, 107),
(519, 'Helsingor', 15, 57),
(520, 'Helsinki', 30, 492),
(521, 'Helwan', 32, 352),
(522, 'Herat', 122, 177),
(523, 'Heredia', 4, 63),
(524, 'Hermosillo', 36, 341),
(525, 'Herning', 15, 56),
(526, 'Hidd', 142, 7),
(527, 'Hienghene', 190, 2),
(528, 'Hiroshima', 27, 1073),
(529, 'Ho', 176, 38),
(530, 'Ho Chi Minh City', 84, 3420),
(531, 'Hobart', 93, 180),
(532, 'Hodeida', 34, 155),
(533, 'Holguin', 25, 218),
(534, 'Holon', 23, 140),
(535, 'Holsteinborg', 183, 5),
(536, 'Homs', 75, 431),
(537, 'Honiara', 157, 30),
(538, 'Honolulu', 129, 376),
(539, 'Horsens', 15, 55),
(540, 'Hospitalet', 59, 278),
(541, 'Houailu', 190, 1),
(542, 'Houston', 129, 1610),
(543, 'Hradec Kralove', 13, 100),
(544, 'Hsinchu', 80, 310),
(545, 'Huambo', 9, 62),
(546, 'Huancayo', 73, 199),
(547, 'Hue', 84, 209),
(548, 'Hufuf', 159, 101),
(549, 'Hungnam', 164, 400),
(550, 'Husavik', 99, 3),
(551, 'Hyderabad', 14, 2151),
(552, 'Hyderabad', 65, 752),
(553, 'Iasi', 57, 313),
(554, 'Ibadan', 179, 1201),
(555, 'Ibaque', 67, 269),
(556, 'Idlib', 75, 52),
(557, 'Iguitos', 73, 248),
(558, 'Ilesha', 179, 318),
(559, 'Iloilo', 175, 285),
(560, 'Ilorin', 179, 400),
(561, 'Inchon', 16, 1387),
(562, 'Indore', 14, 829),
(563, 'Innsbruck', 3, 117),
(564, 'Invercargill', 149, 52),
(565, 'Ipon', 160, 301),
(566, 'Iraklion', 33, 102),
(567, 'Irbid', 118, 162),
(568, 'Irbil', 21, 334),
(569, 'Isa Town', 142, 21),
(570, 'Isafjorour', 99, 3),
(571, 'Isfahan', 116, 987),
(572, 'Islamabad', 65, 204),
(573, 'Isztambul', 70, 5495),
(574, 'Izmir', 70, 1490),
(575, 'Jaffha', 89, 143),
(576, 'Jahra', 40, 111),
(577, 'Jaipur', 14, 977),
(578, 'Jakarta', 145, 6503),
(579, 'Jakobshavn', 183, 4),
(580, 'Jalalabad', 122, 58),
(581, 'Jarash', 118, 32),
(582, 'Jayapura', 145, 150),
(583, 'Jeddah', 159, 1500),
(584, 'Jekatyerinburg', 81, 1367),
(585, 'Jelgava', 41, 75),
(586, 'Jereván', 55, 1300),
(587, 'Jeruzsálem', 23, 469),
(588, 'Jessore', 7, 149),
(589, 'Jidhafs', 142, 48),
(590, 'Jimma', 42, 64),
(591, 'Jinan', 38, 1257),
(592, 'Jinja', 190, 53),
(593, 'Jisan', 159, 33),
(594, 'Johannesburg', 126, 1609),
(595, 'Johore Bahru', 160, 270),
(596, 'Jonköping', 62, 110),
(597, 'Julianehab', 183, 3),
(598, 'Jumla', 58, 132),
(599, 'Jurong', 71, 53),
(600, 'Jyvaskyla', 30, 66),
(601, 'Kabul', 122, 1424),
(602, 'Kabwe', 110, 200),
(603, 'Kadoma', 112, 45),
(604, 'Kaedi', 167, 21),
(605, 'Kaesong', 164, 346),
(606, 'Kairó', 32, 11000),
(607, 'Kairouan', 108, 72),
(608, 'Kalemie', 182, 172),
(609, 'Kalulushi', 110, 94),
(610, 'Kamina', 182, 160),
(611, 'Kampala', 190, 459),
(612, 'Kananga', 182, 291),
(613, 'Kandy', 89, 130),
(614, 'Kankan', 133, 89),
(615, 'Kano', 179, 566),
(616, 'Kanpur', 14, 1482),
(617, 'Kanye', 121, 20),
(618, 'Kaohsiung', 80, 1343),
(619, 'Kaolack', 174, 132),
(620, 'Karachi', 65, 5208),
(621, 'Karaganda', 29, 615),
(622, 'Karaj', 116, 527),
(623, 'Karbala', 21, 185),
(624, 'Karonga', 160, 13),
(625, 'Kassa', 72, 229),
(626, 'Kassala', 106, 100),
(627, 'Kathmandu', 58, 235),
(628, 'Katowice', 97, 369),
(629, 'Kaunas', 43, 430),
(630, 'Kavalla', 33, 57),
(631, 'Kawasaki', 27, 1143),
(632, 'Kaya', 42, 26),
(633, 'Kayes', 95, 45),
(634, 'Kayseri', 70, 378),
(635, 'Kecskemét', 90, 106),
(636, 'Keelung', 80, 352),
(637, 'Keetmanshoop', 131, 11),
(638, 'Keflavik', 99, 7),
(639, 'Kelo', 18, 18),
(640, 'Kenema', 191, 13),
(641, 'Kenitra', 140, 833),
(642, 'Kericho', 69, 11),
(643, 'Kerman', 116, 257),
(644, 'Khamis-Mushait', 159, 50),
(645, 'Khammouane', 44, 13),
(646, 'Khartoum', 106, 476),
(647, 'Khon Kaen', 153, 131),
(648, 'Khulna', 7, 646),
(649, 'Kiffa', 167, 11),
(650, 'Kigali', 166, 157),
(651, 'Kijev', 66, 2590),
(652, 'Kikwit', 182, 147),
(653, 'Kimchaek', 164, 281),
(654, 'Kingston', 136, 525),
(655, 'Kingston upon Hall', 85, 325),
(656, 'Kingstown', 46, 19),
(657, 'Kinshasa', 182, 2654),
(658, 'Kirkuk', 21, 535),
(659, 'Kirovakan', 55, 159),
(660, 'Kisangani', 182, 283),
(661, 'Kisuma', 69, 167),
(662, 'Kitakyushu', 27, 1039),
(663, 'Kitale', 69, 14),
(664, 'Kitwe', 110, 472),
(665, 'Klagenfurt', 3, 87),
(666, 'Klaipeda', 43, 206),
(667, 'Kobe', 27, 1448),
(668, 'Koforidua', 176, 59),
(669, 'Kolding', 15, 57),
(670, 'Kolozsvár', 57, 310),
(671, 'Kompong Cham', 125, 213),
(672, 'Koniz', 74, 36),
(673, 'Konya', 70, 439),
(674, 'Kopavogur', 99, 15),
(675, 'Koppenhága', 15, 1352),
(676, 'Korce', 1, 62),
(677, 'Korhogo', 120, 53),
(678, 'Kortrijk', 6, 76),
(679, 'Kosti', 106, 65),
(680, 'Kota Bahru', 160, 171),
(681, 'Kota Kinabalu', 160, 56),
(682, 'Kothla-Jarve', 17, 76),
(683, 'Kotka', 30, 60),
(684, 'Koudougou', 42, 52),
(685, 'Koumra', 18, 20),
(686, 'Kourou', 30, 7),
(687, 'Kowloon', 86, 2400),
(688, 'Köln', 51, 914),
(689, 'Krakkó', 97, 745),
(690, 'Kralendijk', 19, 1),
(691, 'Kristiansand', 83, 63),
(692, 'Kuala Belait', 171, 19),
(693, 'Kuala Lumpur', 160, 938),
(694, 'Kuantan', 160, 137),
(695, 'Kuching', 160, 74),
(696, 'Kudzand', 180, 160),
(697, 'Kugoshima', 27, 536),
(698, 'Kumajri', 55, 120),
(699, 'Kumanovo', 90, 63),
(700, 'Kumasi', 176, 385),
(701, 'Kumba', 60, 54),
(702, 'Kuopio', 30, 79),
(703, 'Kupang', 145, 403),
(704, 'Kutaiszi', 103, 235),
(705, 'Kuwait', 40, 44),
(706, 'Kwangju', 16, 906),
(707, 'Kyoto', 27, 1475),
(708, 'La Ceibra', 86, 66),
(709, 'La Chorrera', 48, 39),
(710, 'La Goulette', 108, 62),
(711, 'La Paz', 188, 1057),
(712, 'La Plata', 56, 565),
(713, 'La Romana', 163, 101),
(714, 'La Trinite', 146, 10),
(715, 'La Vega', 163, 61),
(716, 'Laayoune', 158, 94),
(717, 'Labe', 133, 65),
(718, 'Lae', 155, 80),
(719, 'Lagos', 179, 1274),
(720, 'Lahore', 65, 2953),
(721, 'Lahti', 30, 94),
(722, 'Lai', 18, 58),
(723, 'Lalitpur', 58, 80),
(724, 'Lambarene', 185, 25),
(725, 'Larissa', 33, 103),
(726, 'Larnaca', 28, 53),
(727, 'Las Palmas', 59, 358),
(728, 'Las Piedras', 91, 61),
(729, 'Las Tunas', 25, 111),
(730, 'Latakia', 75, 241),
(731, 'Lausanne', 74, 126),
(732, 'Le Francois', 146, 14),
(733, 'Le Gosier', 103, 21),
(734, 'Le Havre', 105, 200),
(735, 'Le Lamentin', 146, 27),
(736, 'Le Port', 79, 34),
(737, 'Le Tampon', 79, 48),
(738, 'Leeds', 85, 452),
(739, 'Leicester', 85, 329),
(740, 'Leipzig', 51, 549),
(741, 'Leon', 36, 656),
(742, 'Leon', 76, 101),
(743, 'Leone', 111, 2),
(744, 'Leribe', 78, 6),
(745, 'Les Abymes', 103, 63),
(746, 'Les Cayes', 19, 36),
(747, 'Les Escaldes', 20, 12),
(748, 'Leuven', 6, 84),
(749, 'Liberec', 13, 103),
(750, 'Liberia', 4, 33),
(751, 'Libreville', 185, 352),
(752, 'Liege', 6, 200),
(753, 'Liepaja', 41, 114),
(754, 'Likasi', 182, 194),
(755, 'Lille', 105, 936),
(756, 'Lilongwe', 160, 220),
(757, 'Lima', 73, 4605),
(758, 'Limassol', 28, 120),
(759, 'Limbe', 60, 33),
(760, 'Limerick', 37, 77),
(761, 'Limon', 4, 63),
(762, 'Linden', 115, 30),
(763, 'Linköping', 62, 119),
(764, 'Linz', 3, 200),
(765, 'Liszabon', 79, 830),
(766, 'Liverpool', 85, 545),
(767, 'Livingstone', 110, 98),
(768, 'Ljubljana', 64, 330),
(769, 'Loandjili', 164, 16),
(770, 'Lobatse', 121, 26),
(771, 'Lobito', 9, 60),
(772, 'Lodz', 97, 845),
(773, 'Lome', 172, 366),
(774, 'London', 85, 6678),
(775, 'Los Angeles', 129, 3420),
(776, 'Loubomo', 164, 37),
(777, 'Luala Trengganu', 160, 187),
(778, 'Luanda', 9, 1459),
(779, 'Luang Prabang', 44, 44),
(780, 'Luanshya', 110, 166),
(781, 'Luba', 63, 22),
(782, 'Lubango', 9, 105),
(783, 'Lublin', 97, 333),
(784, 'Lubumbashi', 182, 543),
(785, 'Lucknow', 14, 896),
(786, 'Luderitz', 131, 8),
(787, 'Lusaka', 110, 870),
(788, 'Lushnje', 1, 27),
(789, 'Luxembourg', 92, 77),
(790, 'Luzern', 74, 60),
(791, 'Lyon', 105, 1221),
(792, 'Macau', 92, 416),
(793, 'Machala', 63, 159),
(794, 'Machaze', 144, 46),
(795, 'Madaba', 118, 26),
(796, 'Madang', 155, 25),
(797, 'Madras', 14, 3277),
(798, 'Madrid', 59, 3101),
(799, 'Madurai', 14, 821),
(800, 'Mafeteng', 78, 5),
(801, 'Magmana', 122, 40),
(802, 'Mahaicony', 115, 5),
(803, 'Mahajunga', 87, 111),
(804, 'Mahalapye', 121, 101),
(805, 'Mahina', 30, 10),
(806, 'Makeni', 191, 12),
(807, 'Malabo', 63, 60),
(808, 'Malacca', 160, 88),
(809, 'Malaga', 59, 566),
(810, 'Malang', 145, 512),
(811, 'Malanje', 9, 32),
(812, 'Male', 132, 46),
(813, 'Malindi', 69, 12),
(814, 'Malmö', 62, 232),
(815, 'Mambasa', 69, 426),
(816, 'Man', 120, 55),
(817, 'Manado', 145, 217),
(818, 'Managua', 76, 682),
(819, 'Manama', 142, 152),
(820, 'Manaus', 177, 810),
(821, 'Manchester', 85, 449),
(822, 'Mandalay', 137, 533),
(823, 'Mandaville', 136, 35),
(824, 'Mandie', 144, 26),
(825, 'Mango', 172, 13),
(826, 'Manila', 175, 1987),
(827, 'Manizales', 67, 330),
(828, 'Mansoa', 117, 5),
(829, 'Manta', 63, 130),
(830, 'Manzini', 180, 18),
(831, 'Maputo', 144, 1070),
(832, 'Mar del Plata', 56, 415),
(833, 'Maracaibo', 96, 1330),
(834, 'Maracay', 96, 891),
(835, 'Maradi', 102, 65),
(836, 'Mari', 109, 89),
(837, 'Maribor', 64, 186),
(838, 'Marienburg', 82, 4),
(839, 'Marigot', 16, 3),
(840, 'Maroua', 60, 106),
(841, 'Marrakech', 140, 1425),
(842, 'Marseille', 105, 1111),
(843, 'Marutin', 96, 261),
(844, 'Masaka', 190, 29),
(845, 'Masan', 16, 449),
(846, 'Masaya', 76, 75),
(847, 'Maseru', 78, 109),
(848, 'Mashad', 116, 1464),
(849, 'Masvingo', 112, 31),
(850, 'Matadi', 182, 145),
(851, 'Matagalpa', 76, 37),
(852, 'Mataiea', 30, 3),
(853, 'Matanzas', 25, 110),
(854, 'Matrah', 147, 17),
(855, 'Maun', 121, 15),
(856, 'Mauren', 94, 3),
(857, 'Mawalli', 40, 145),
(858, 'May Pen', 136, 41),
(859, 'Mayaguez', 79, 103),
(860, 'Mazar-i-Sharif', 122, 131),
(861, 'Mazatenango', 11, 39),
(862, 'Mazatlan', 36, 250),
(863, 'Mbabane', 180, 39),
(864, 'Mbaiki', 184, 29),
(865, 'Mbale', 190, 28),
(866, 'Mbandaka', 182, 125),
(867, 'Mbarara', 190, 23),
(868, 'Mbeya', 169, 77),
(869, 'Mbini', 63, 16),
(870, 'Mbuji-Mayi', 182, 423),
(871, 'Mecca', 159, 550),
(872, 'Mechelen', 6, 76),
(873, 'Medan', 145, 1379),
(874, 'Medellin', 67, 1419),
(875, 'Medina', 159, 290),
(876, 'Mekele', 42, 62),
(877, 'Meknes', 140, 704),
(878, 'Melbourne', 93, 2964),
(879, 'Melo', 91, 42),
(880, 'Mendoza', 56, 606),
(881, 'Mercedes', 91, 37),
(882, 'Merida', 36, 425),
(883, 'Merida', 96, 259),
(884, 'Merka', 162, 60),
(885, 'Mersin (Icel)', 70, 314),
(886, 'Messina', 53, 271),
(887, 'Mexicali', 36, 511),
(888, 'Mexikóváros', 36, 8831),
(889, 'Mhlume', 180, 7),
(890, 'Miami', 129, 352),
(891, 'Milánó', 53, 1479),
(892, 'Minas', 91, 35),
(893, 'Mindelo', 130, 37),
(894, 'Minszk', 124, 1590),
(895, 'Miskolc', 90, 208),
(896, 'Misurata', 156, 122),
(897, 'Mitsamiouli', 151, 3),
(898, 'Mochudi', 121, 18),
(899, 'Moengo', 82, 2),
(900, 'Mogadishu', 162, 1000),
(901, 'Mogilev', 124, 360),
(902, 'Molepolole', 121, 21),
(903, 'Monaco', 49, 2),
(904, 'Mongwa', 137, 107),
(905, 'Monrovia', 170, 425),
(906, 'Mons', 6, 90),
(907, 'Monte Carlo', 49, 13),
(908, 'Montego Bay', 136, 70),
(909, 'Monterrey', 36, 1090),
(910, 'Montevideo', 91, 1248),
(911, 'Montpellier', 105, 201),
(912, 'Montreal', 173, 2921),
(913, 'Mopti', 95, 54),
(914, 'Moratuwa', 89, 138),
(915, 'Morne-a-I'' Eau', 103, 16),
(916, 'Moroni', 151, 21),
(917, 'Mossendjo', 164, 12),
(918, 'Mosul', 21, 571),
(919, 'Moszkva', 81, 8769),
(920, 'Mouila', 185, 16),
(921, 'Moule', 103, 18),
(922, 'Moulmein', 137, 220),
(923, 'Moundou', 18, 87),
(924, 'Mount Hagen', 155, 13),
(925, 'Mufalira', 110, 199),
(926, 'Muharraq', 142, 78),
(927, 'Mukalla', 34, 154),
(928, 'Multan', 65, 730),
(929, 'Murcia', 59, 305),
(930, 'Muscat', 147, 50),
(931, 'Mutare', 112, 70),
(932, 'Mutsamudu', 151, 13),
(933, 'München', 51, 1275),
(934, 'Mwanza', 169, 111),
(935, 'My Tho', 84, 120),
(936, 'Mymensingh', 7, 191),
(937, 'Mzuzu', 160, 115),
(938, 'N'' Djamena', 18, 512),
(939, 'Nacala', 144, 102),
(940, 'Nadi', 143, 7),
(941, 'Naestved', 15, 38),
(942, 'Nagasaki', 27, 448),
(943, 'Nagoya', 27, 2148),
(944, 'Nagpur', 14, 1219),
(945, 'Nagyvárad', 57, 214),
(946, 'Nairobi', 69, 1104),
(947, 'Nakhon Ratchasima', 153, 207),
(948, 'Nakhon Si Thammarat', 153, 102),
(949, 'Nakura', 69, 102),
(950, 'Nalayh', 54, 15),
(951, 'Nam Dinh', 84, 161),
(952, 'Namangau', 138, 310),
(953, 'Namibe', 9, 100),
(954, 'Nampo', 164, 691),
(955, 'Nampula', 144, 197),
(956, 'Namur', 6, 103),
(957, 'Nanjing', 38, 1972),
(958, 'Nanortalik', 183, 1),
(959, 'Nantes', 105, 247),
(960, 'Nanyuki', 69, 15),
(961, 'Napier-Hastings', 149, 108),
(962, 'Nápoly', 53, 1201),
(963, 'Narayanganj', 7, 271),
(964, 'Narsarsuaq', 183, 2),
(965, 'Narva', 17, 82),
(966, 'Nassan', 142, 135),
(967, 'Natitingou', 114, 51),
(968, 'Nazret', 42, 76),
(969, 'Ndola', 110, 443),
(970, 'Nee Soon', 71, 39),
(971, 'Negombo', 89, 61),
(972, 'Nelson', 149, 45),
(973, 'Neskaupstaour', 99, 2),
(974, 'New Amsterdam', 115, 20),
(975, 'New Plymouth', 149, 48),
(976, 'New York', 129, 7033),
(977, 'Newcastle', 93, 419),
(978, 'Ngamaba-Mfilou', 164, 25),
(979, 'Ngozi', 12, 4),
(980, 'Nha Trang', 84, 216),
(981, 'Nhlangano', 180, 4),
(982, 'Niagara Falls', 173, 72),
(983, 'Niamey', 102, 398),
(984, 'Nice', 105, 338),
(985, 'Nicosia', 28, 167),
(986, 'Nieuw Nickerie', 82, 8),
(987, 'Niigata', 27, 483),
(988, 'Nijmegen', 35, 146),
(989, 'Nis', 118, 230),
(990, 'Nizwa', 147, 10),
(991, 'Nkayi', 164, 38),
(992, 'Nkhotakota', 160, 11),
(993, 'Nkongsamba', 60, 112),
(994, 'Norrköping', 62, 119),
(995, 'Nottingham', 85, 277),
(996, 'Nouadhibou', 167, 22),
(997, 'Nouakhott', 167, 500),
(998, 'Noumea', 190, 66),
(999, 'Nova Iguacu', 177, 1319),
(1000, 'Novoszibirksz', 81, 1436),
(1001, 'Nueva San Salvador', 31, 52),
(1002, 'Nuku'' Alofa', 107, 29),
(1003, 'Nuuk (Godthab)', 183, 12),
(1004, 'Nürnberg', 51, 467),
(1005, 'Nyabisinda', 166, 10),
(1006, 'Nyeri', 69, 36),
(1007, 'Nyíregyháza', 90, 119),
(1008, 'Nyizsnyij-Novgorod', 81, 1438),
(1009, 'Nzerekore', 133, 23),
(1010, 'Obock', 26, 32),
(1011, 'Odense', 15, 174),
(1012, 'Odessza', 66, 1115),
(1013, 'Ogbomosho', 179, 613),
(1014, 'Olomouc', 13, 106),
(1015, 'Omdurman', 106, 530),
(1016, 'Onitsha', 179, 312),
(1017, 'Oostende', 6, 68),
(1018, 'Oporto', 79, 347),
(1019, 'Oran', 5, 629),
(1020, 'Orange Walk', 124, 10),
(1021, 'Oranjestad', 56, 20),
(1022, 'Orumiyen', 116, 301),
(1023, 'Oruro', 188, 196),
(1024, 'Os', 38, 215),
(1025, 'Osaka', 27, 2645),
(1026, 'Oshogbo', 179, 400),
(1027, 'Osijek', 101, 165),
(1028, 'Osló', 83, 456),
(1029, 'Ostrava', 13, 330),
(1030, 'Otjiwarongo', 131, 9),
(1031, 'Ottawa', 173, 819),
(1032, 'Ouagadougou', 42, 442),
(1033, 'Ouahigouya', 42, 39),
(1034, 'Oujda', 140, 895),
(1035, 'Oulu', 30, 99),
(1036, 'Oyem', 185, 14),
(1037, 'Örebro', 62, 120),
(1038, 'Pago Pago', 111, 3),
(1039, 'Pakse', 44, 45),
(1040, 'Palembang', 145, 787),
(1041, 'Palermo', 53, 729),
(1042, 'Palime', 172, 32),
(1043, 'Palma', 59, 307),
(1044, 'Palmerston North', 149, 68),
(1045, 'Pamplona', 59, 179),
(1046, 'Panama City', 48, 688),
(1047, 'Panchiao', 80, 506),
(1048, 'Pangang', 145, 481),
(1049, 'Pantarenas', 4, 86),
(1050, 'Papara', 30, 6),
(1051, 'Papette', 30, 24),
(1052, 'Parakou', 114, 66),
(1053, 'Paramaribo', 82, 104),
(1054, 'Pardubice', 13, 95),
(1055, 'Párizs', 105, 8707),
(1056, 'Paro', 181, 3),
(1057, 'Patras', 33, 142),
(1058, 'Paysandu', 91, 75),
(1059, 'Pécs', 90, 189),
(1060, 'Pedro Juan Caballero', 139, 80),
(1061, 'Pegu', 137, 150),
(1062, 'Pentionville', 19, 37),
(1063, 'Pereira', 67, 390),
(1064, 'Pernik', 10, 97),
(1065, 'Perth', 93, 1083),
(1066, 'Peshawar', 65, 566),
(1067, 'Petach-Tikva', 23, 131),
(1068, 'Petange', 92, 12),
(1069, 'Petit Bourg', 103, 15),
(1070, 'Philadelphia', 129, 1543),
(1071, 'Philipsburg', 19, 6),
(1072, 'Phitsanulok', 153, 80),
(1073, 'Phnom Penh', 125, 750),
(1074, 'Phoenix', 129, 972),
(1075, 'Phuntsholing', 181, 10),
(1076, 'Pietermaritzburg', 126, 134),
(1077, 'Pigg''s Peak', 180, 3),
(1078, 'Pilar', 139, 26),
(1079, 'Pinar del Rio', 25, 112),
(1080, 'Pireusz', 33, 197),
(1081, 'Pispek', 38, 626),
(1082, 'Piura', 73, 297),
(1083, 'Pleven', 10, 134),
(1084, 'Ploiesti', 57, 235),
(1085, 'Plovdiv', 10, 357),
(1086, 'Plzen', 13, 175),
(1087, 'Pointe-Noire', 164, 298),
(1088, 'Pointe-u-Pitre', 103, 26),
(1089, 'Ponce', 79, 195),
(1090, 'Pontianak', 145, 305),
(1091, 'Pori', 30, 80),
(1092, 'Port Elizabeth', 126, 273),
(1093, 'Port Gentil', 185, 164),
(1094, 'Port Harcourt', 179, 344),
(1095, 'Port Loko', 191, 6),
(1096, 'Port Louis', 123, 139),
(1097, 'Port Moresby', 155, 152),
(1098, 'Port Said', 32, 382),
(1099, 'Port Sudan', 106, 217),
(1100, 'Port Vila', 138, 15),
(1101, 'Port-au-prince', 19, 473),
(1102, 'Port-Bouet', 120, 60),
(1103, 'Port-de-Paix', 19, 22),
(1104, 'Porto Alegre', 177, 1272),
(1105, 'Porto Novo', 114, 208),
(1106, 'Port-of-Spain', 128, 58),
(1107, 'Portoviejo', 63, 156),
(1108, 'Portsmouth', 16, 3),
(1109, 'Potosi', 188, 114),
(1110, 'Poznan', 97, 586),
(1111, 'Pozsony', 72, 430),
(1112, 'Prága', 13, 1206),
(1113, 'Praia', 130, 50),
(1114, 'Pretoria', 126, 823),
(1115, 'Prilep', 90, 63),
(1116, 'Pristina', 118, 210),
(1117, 'Przsevalszk', 38, 56),
(1118, 'Pucallpa', 73, 141),
(1119, 'Puebla de Zaragoza', 36, 836),
(1120, 'Puerto Barrios', 11, 48),
(1121, 'Puerto Cortes', 86, 42),
(1122, 'Puerto Montt', 61, 113),
(1123, 'Puerto Plata', 163, 46),
(1124, 'Puerto Stroessner', 139, 110),
(1125, 'Pul-i-Khomri', 122, 33),
(1126, 'Punakha', 181, 13),
(1127, 'Pune', 14, 1203),
(1128, 'Punta Arenas', 61, 112),
(1129, 'Pusan', 16, 3517),
(1130, 'Pyongyang', 164, 2639),
(1131, 'Pyuthan', 58, 148),
(1132, 'Qandahar', 122, 226),
(1133, 'Qom', 116, 543),
(1134, 'Qonduz', 122, 57),
(1135, 'Qormi', 47, 19),
(1136, 'Quatre Bornes', 123, 65),
(1137, 'Que Que', 112, 48),
(1138, 'Quebec', 173, 165),
(1139, 'Quezaltenango', 11, 73),
(1140, 'Quezon', 175, 1323),
(1141, 'Qui Nhon', 84, 214),
(1142, 'Quito', 63, 1234),
(1143, 'Rabat', 140, 1287),
(1144, 'Rabaul', 155, 16),
(1145, 'Rajshahi', 7, 254),
(1146, 'Ramat Gan', 23, 116),
(1147, 'Ramotswa', 121, 13),
(1148, 'Rancagua', 61, 172),
(1149, 'Randers', 15, 61),
(1150, 'Rangpur', 7, 153),
(1151, 'Raqqa', 75, 87),
(1152, 'Ras al-Khaimah', 119, 116),
(1153, 'Rasht', 116, 291),
(1154, 'Rawalpindi', 65, 795),
(1155, 'Recife', 177, 1288),
(1156, 'Regina', 173, 175),
(1157, 'Reims', 105, 182),
(1158, 'Remich', 92, 12),
(1159, 'Remine', 30, 6),
(1160, 'Rennes', 105, 191),
(1161, 'Retalhuleu', 11, 47),
(1162, 'Reykjavik', 99, 96),
(1163, 'Ribeira Grande', 130, 2),
(1164, 'Riga', 41, 916),
(1165, 'Rijeka', 101, 206),
(1166, 'Rio de Janeiro', 177, 5603),
(1167, 'Riobamba', 63, 150),
(1168, 'Rivera', 91, 56),
(1169, 'Riyadh', 159, 667),
(1170, 'Road Town', 177, 4),
(1171, 'Róma', 53, 2817),
(1172, 'Roodepoort', 126, 142),
(1173, 'Rosario', 56, 957),
(1174, 'Roseau', 16, 22),
(1175, 'Rosita', 76, 325),
(1176, 'Roskilde', 15, 40),
(1177, 'Rosso', 167, 16),
(1178, 'Rotterdam', 35, 574),
(1179, 'Ruhehgeri', 166, 16),
(1180, 'Rumonge', 12, 5),
(1181, 'Ruse', 10, 190),
(1182, 'Safi', 140, 793),
(1183, 'Saidpur', 7, 127),
(1184, 'Saint Gallen', 74, 73),
(1185, 'Saint George', 114, 2),
(1186, 'Saint George''s', 183, 8),
(1187, 'Saint John''s', 9, 36),
(1188, 'Saint John''s', 173, 96),
(1189, 'Saint Joseph', 16, 3),
(1190, 'Saint Laurent', 30, 5),
(1191, 'Saint Pierre', 146, 5),
(1192, 'Saint-Denis', 79, 121),
(1193, 'Sainte Anne', 103, 17),
(1194, 'Sainte Marie', 146, 18),
(1195, 'Sainte Rose', 103, 14),
(1196, 'Sainte-Claude', 103, 10),
(1197, 'Saint-Etienne', 105, 207),
(1198, 'Saint-Louis', 79, 37),
(1199, 'Saint-Louis', 174, 97),
(1200, 'Saint-Paul', 79, 72),
(1201, 'Saint-Pierre', 79, 59),
(1202, 'Sal Rei', 130, 1),
(1203, 'Salala', 147, 10),
(1204, 'Salamanca', 59, 156),
(1205, 'Sallyan', 58, 152),
(1206, 'Salmiya', 40, 153),
(1207, 'Salt', 118, 134),
(1208, 'Salta', 56, 261),
(1209, 'Salto', 91, 81),
(1210, 'Salvador', 177, 1804),
(1211, 'Salzburg', 3, 139),
(1212, 'Samarra', 21, 62),
(1213, 'San Antonio', 129, 927),
(1214, 'San Carlos', 76, 34),
(1215, 'San Cristobal', 96, 347),
(1216, 'San Diego', 129, 1095),
(1217, 'San Fernando', 128, 34),
(1218, 'San Francisco', 129, 711),
(1219, 'San Francisco de Macoris', 163, 84),
(1220, 'San Jose', 4, 279),
(1221, 'San Juan', 56, 292),
(1222, 'San Juan', 163, 50),
(1223, 'San Juan', 79, 449),
(1224, 'San Lorenzo', 139, 80),
(1225, 'San Luis Potosi', 36, 407),
(1226, 'San Marino', 77, 4),
(1227, 'San Miguel', 31, 87),
(1228, 'San Miguel de Tucuman', 56, 499),
(1229, 'San Pedro de Macoris', 163, 90),
(1230, 'San Pedro Sula', 86, 429),
(1231, 'San Salvador', 31, 460),
(1232, 'San Sebastian', 59, 177),
(1233, 'Sanaa', 34, 427),
(1234, 'Sant Pölten', 3, 50),
(1235, 'Santa Ana', 31, 138),
(1236, 'Santa Clara', 25, 188),
(1237, 'Santa Cruz', 188, 628),
(1238, 'Santa Fe', 56, 292),
(1239, 'Santa Maria', 130, 1),
(1240, 'Santa Rita', 103, 10),
(1241, 'Santa Rosa de Copan', 86, 21),
(1242, 'Santiago', 61, 4858),
(1243, 'Santiago', 25, 390),
(1244, 'Santiago', 163, 285),
(1245, 'Santiago', 48, 23),
(1246, 'Santo Antonio', 189, 1),
(1247, 'Santo Domingo', 163, 1410),
(1248, 'Sao Goncalo', 177, 728),
(1249, 'Sao Paulo', 177, 10063),
(1250, 'Sao Tome', 189, 35),
(1251, 'Sapporo', 27, 1621),
(1252, 'Sargodha', 65, 291),
(1253, 'Sarh', 18, 124),
(1254, 'Sariwon', 164, 130),
(1255, 'Savannah', 118, 2),
(1256, 'Savannakhet', 44, 51),
(1257, 'Savanna-la-Mar', 136, 14),
(1258, 'Saya Burg', 44, 14),
(1259, 'Scarborough', 128, 6),
(1260, 'Schaan', 94, 5),
(1261, 'Schoelcher', 146, 16),
(1262, 'Scoresbysund', 183, 1),
(1263, 'Seattle', 129, 512),
(1264, 'Sebha', 156, 29),
(1265, 'Segon', 95, 65),
(1266, 'Sekondi-Takoradi', 176, 104),
(1267, 'Selebi-Phikwe', 121, 46),
(1268, 'Semara', 158, 18),
(1269, 'Semarang', 145, 1027),
(1270, 'Sendai', 27, 884),
(1271, 'Seragoon', 71, 95),
(1272, 'Serembau', 160, 136),
(1273, 'Seria', 171, 24),
(1274, 'Serowe', 121, 93),
(1275, 'Serrekunda', 52, 103),
(1276, 'Serres', 33, 46),
(1277, 'Serrevalle', 77, 7),
(1278, 'Setif', 5, 170),
(1279, 'Setubal', 79, 78),
(1280, 'Sevilla', 59, 655),
(1281, 'Sfax', 108, 232),
(1282, 'Shabani', 112, 27),
(1283, 'Shanghai', 38, 7112),
(1284, 'Sharjah', 119, 125),
(1285, 'Sheffield', 85, 477),
(1286, 'Shenyang', 38, 3412),
(1287, 'Shiraz', 116, 848),
(1288, 'Shkoder', 1, 76),
(1289, 'Shumen', 10, 106),
(1290, 'Sialkot', 65, 302),
(1291, 'Siauliai', 43, 148),
(1292, 'Sidi-Bel-Abbes', 5, 153),
(1293, 'Sidon', 135, 100),
(1294, 'Siguatepeque', 86, 26),
(1295, 'Sikasso', 95, 47),
(1296, 'Singapore City', 71, 2487),
(1297, 'Sinnamary', 30, 2),
(1298, 'Sint Nicolaas', 56, 17),
(1299, 'Siteki', 180, 2),
(1300, 'Sittwe (Akyab)', 137, 108),
(1301, 'Siuiju', 164, 500),
(1302, 'Skelleftea', 62, 74),
(1303, 'Skikda', 5, 129),
(1304, 'Skopje', 90, 505),
(1305, 'Sliema', 47, 14),
(1306, 'Sliven', 10, 107),
(1307, 'Sokode', 172, 48),
(1308, 'Songkhla', 153, 173),
(1309, 'Sonsonate', 31, 47),
(1310, 'Sosnowiec', 97, 260),
(1311, 'Sousse', 108, 84),
(1312, 'Spanish Town', 177, 1),
(1313, 'Spanish Town', 136, 89),
(1314, 'Split', 101, 207),
(1315, 'Stanley', 42, 1),
(1316, 'Stara Zagora', 10, 156),
(1317, 'Stavanger', 83, 97),
(1318, 'Steyr', 3, 38),
(1319, 'Stockholm', 62, 669),
(1320, 'Strasbourg', 105, 252),
(1321, 'Stuttgart', 51, 565),
(1322, 'Sucre', 188, 96),
(1323, 'Suez', 32, 265),
(1324, 'Sukkertoppen', 183, 3),
(1325, 'Sukuta', 52, 7),
(1326, 'Sullana', 73, 146),
(1327, 'Sundsvall', 62, 93),
(1328, 'Sunyani', 176, 39),
(1329, 'Surabaya', 145, 2028),
(1330, 'Surakarta', 145, 470),
(1331, 'Surat', 14, 777),
(1332, 'Suva', 143, 70),
(1333, 'Suwan', 16, 431),
(1334, 'Swakopmund', 131, 7),
(1335, 'Sydney', 93, 3531),
(1336, 'Sylhet', 7, 168),
(1337, 'Szabadka', 118, 154),
(1338, 'Szaloniki', 33, 406),
(1339, 'Szamarkand', 138, 370),
(1340, 'Szarajevo', 8, 449),
(1341, 'Szczecin', 97, 396),
(1342, 'Szeged', 90, 189),
(1343, 'Székesfehérvár', 90, 114),
(1344, 'Szemipalatyinszk', 29, 335),
(1345, 'Szentpétervár', 81, 5020),
(1346, 'Szófia', 10, 1129),
(1347, 'Szolnok', 90, 81),
(1348, 'Szombathely', 90, 87),
(1349, 'Szöul', 16, 9646),
(1350, 'Szumgait', 22, 230),
(1351, 'Tabligbo', 172, 5),
(1352, 'Tabora', 169, 67),
(1353, 'Tabouk', 159, 75),
(1354, 'Tabriz', 116, 971),
(1355, 'Tacuarembo', 91, 40),
(1356, 'Tadjourah', 26, 35),
(1357, 'Taegu', 16, 2031),
(1358, 'Taejou', 16, 866),
(1359, 'Taga Dzong', 181, 19),
(1360, 'Tahoua', 102, 42),
(1361, 'Taichung', 80, 715),
(1362, 'Taif', 159, 300),
(1363, 'Tainan', 80, 657),
(1364, 'Taipei', 80, 2637),
(1365, 'Taiping', 160, 146),
(1366, 'Taiyuan', 38, 1480),
(1367, 'Taizz', 34, 178),
(1368, 'Talca', 61, 164),
(1369, 'Talcahuano', 61, 231),
(1370, 'Tallinn', 17, 484),
(1371, 'Taloffo', 103, 2),
(1372, 'Tamale', 176, 151),
(1373, 'Tampere', 30, 171),
(1374, 'Tamuning', 103, 17),
(1375, 'Tanga', 169, 103),
(1376, 'Tangier', 140, 509),
(1377, 'Tantu', 32, 374),
(1378, 'Taranto', 53, 245),
(1379, 'Tarija', 188, 66),
(1380, 'Tartu', 17, 115),
(1381, 'Tartus', 75, 53),
(1382, 'Tasausz', 109, 110),
(1383, 'Taskent', 138, 2100),
(1384, 'Taunggye', 137, 108),
(1385, 'Tbiliszi', 103, 1264),
(1386, 'Tchibanga', 185, 15),
(1387, 'Teahupoo', 30, 1),
(1388, 'Tegateyaneng', 78, 8),
(1389, 'Tegucigalpa', 86, 641),
(1390, 'Teherán', 116, 6043),
(1391, 'Tel Aviv', 23, 320),
(1392, 'Tela', 86, 28),
(1393, 'Tema', 176, 109),
(1394, 'Temesvár', 57, 325),
(1395, 'Temuco', 61, 218),
(1396, 'Tetouan', 140, 800),
(1397, 'Thies', 174, 156),
(1398, 'Thika', 69, 41),
(1399, 'Thimphu', 181, 20),
(1400, 'Thio', 190, 3),
(1401, 'Thule', 183, 1),
(1402, 'Thun', 74, 37),
(1403, 'Thunder Bay', 173, 112),
(1404, 'Tianjin', 38, 4314),
(1405, 'Tijuana', 36, 461),
(1406, 'Tilburg', 35, 154),
(1407, 'Timbuktu', 95, 20),
(1408, 'Tirana', 1, 226),
(1409, 'Toa Baja', 79, 89),
(1410, 'Toamasina', 87, 139),
(1411, 'Tocumen', 48, 22),
(1412, 'Tokió', 27, 8324),
(1413, 'Tolbukhin', 10, 111),
(1414, 'Toliary', 87, 59),
(1415, 'Tongsa Dzong', 181, 3),
(1416, 'Torinó', 53, 1025),
(1417, 'Toronto', 173, 3427),
(1418, 'Tororo', 190, 18),
(1419, 'Totnes', 82, 1),
(1420, 'Toulon', 105, 182),
(1421, 'Toulouse', 105, 354),
(1422, 'Townsville', 93, 108),
(1423, 'Triesen', 94, 3),
(1424, 'Triesenberg', 94, 2),
(1425, 'Trieszt', 53, 237),
(1426, 'Trincomalee', 89, 44),
(1427, 'Tripoli', 135, 500),
(1428, 'Tripoli', 156, 858),
(1429, 'Tromso', 83, 49),
(1430, 'Trondheim', 83, 137),
(1431, 'Trujillo', 73, 491),
(1432, 'Trujillo', 79, 62),
(1433, 'Tsevie', 172, 17),
(1434, 'Tsumeb', 131, 13),
(1435, 'Tubmanburg', 170, 15),
(1436, 'Tubruq', 156, 25),
(1437, 'Tunis', 108, 597),
(1438, 'Turku', 30, 162),
(1439, 'Tutume', 121, 85),
(1440, 'Tyre', 135, 14),
(1441, 'Új-Delhi', 14, 5714),
(1442, 'Ujung Pangang', 145, 709),
(1443, 'Ulaangom', 54, 15),
(1444, 'Ulan-Bator', 54, 548),
(1445, 'Uliastay', 54, 14),
(1446, 'Ulsan', 16, 551),
(1447, 'Umea', 62, 89),
(1448, 'Umhlazi', 126, 180),
(1449, 'Uppernavik', 183, 1),
(1450, 'Uppsala', 62, 162),
(1451, 'Usti nad Labem', 13, 105),
(1452, 'Utrecht', 35, 230),
(1453, 'Utulei', 111, 1),
(1454, 'Vacoas-Phoenix', 123, 55),
(1455, 'Vaduz', 94, 5),
(1456, 'Vaitogi', 111, 1),
(1457, 'Valencia', 59, 732),
(1458, 'Valencia', 96, 1181),
(1459, 'Valladoid', 59, 329),
(1460, 'Valletta', 47, 9),
(1461, 'Valparaiso', 61, 279),
(1462, 'Vancouver', 173, 1381),
(1463, 'Vantaa', 30, 151),
(1464, 'Várna', 10, 306),
(1465, 'Varsó', 97, 1671),
(1466, 'Vasteras', 62, 119),
(1467, 'Vejle', 15, 44),
(1468, 'Velence', 53, 328),
(1469, 'Verona', 53, 259),
(1470, 'Vestmannaeyjar', 99, 5),
(1471, 'Victoria', 173, 66),
(1472, 'Victoria', 86, 1400),
(1473, 'Victoria', 47, 5),
(1474, 'Victoria', 154, 23),
(1475, 'Vientiane', 44, 377),
(1476, 'Vieux Fort', 193, 11),
(1477, 'Vila Nova de Gaia', 79, 62),
(1478, 'Villach', 3, 53),
(1479, 'Villarica', 139, 22),
(1480, 'Vilnius', 43, 592),
(1481, 'Vina del Mar', 61, 297),
(1482, 'Vinh', 84, 154),
(1483, 'Vityebszk', 124, 350),
(1484, 'Vlore', 1, 68),
(1485, 'Volos', 33, 71),
(1486, 'Vung Tau', 84, 108),
(1487, 'Wadi Medani', 106, 142),
(1488, 'Waitemata', 149, 101),
(1489, 'Wanganui', 149, 41),
(1490, 'Wankie', 112, 39),
(1491, 'Washington', 129, 575),
(1492, 'Waterford', 37, 41),
(1493, 'Wellington', 149, 325),
(1494, 'Wels', 3, 51),
(1495, 'West Bay', 118, 7),
(1496, 'Wewak', 155, 23),
(1497, 'Whangarei', 149, 44),
(1498, 'Willemstad', 19, 125),
(1499, 'Windhoek', 131, 115),
(1500, 'Winnipeg', 173, 595),
(1501, 'Winterthur', 74, 85),
(1502, 'Wollongong', 93, 234),
(1503, 'Wonsan', 164, 350),
(1504, 'Wroclaw', 97, 640),
(1505, 'Wuhan', 38, 3107),
(1506, 'Xi'' an', 38, 1823),
(1507, 'Yamoussoukro', 120, 120),
(1508, 'Yangon', 137, 2459),
(1509, 'Yaounde', 60, 712),
(1510, 'Yaren', 100, 6),
(1511, 'Yazd', 116, 230),
(1512, 'Yogyakarta', 145, 399),
(1513, 'Yokohama', 27, 3151),
(1514, 'Yunghu', 80, 242),
(1515, 'Zagazig', 32, 274),
(1516, 'Zágráb', 101, 1200),
(1517, 'Zahle', 135, 200),
(1518, 'Zaira', 179, 318),
(1519, 'Zamboanga', 175, 423),
(1520, 'Zanzibar', 169, 110),
(1521, 'Zaragoza', 59, 575),
(1522, 'Zarqa', 118, 307),
(1523, 'Zinder', 102, 83),
(1524, 'Zinguinchor', 174, 107),
(1525, 'Zlitan', 156, 21),
(1526, 'Zomba', 160, 53),
(1527, 'Zouerate', 167, 17),
(1528, 'Zürich', 74, 351);